video_id,title,publishedAt,channelId,channelTitle,categoryId,description,trending_date,tags,view_count,likes,dislikes,comment_count,thumbnail_link,comments_disabled,ratings_disabled
"L7a1JSeqaXk","Official Trailer: Pati Patni Aur Woh | Kartik Aaryan, Bhumi Pednekar, Ananya Panday |Releasing 6 Dec","2019-11-04T07:13:56.000Z","UCq-Fj5jknLsUf-MWSy4_brA","T-Series","24","Gulshan Kumar & B.R.Chopra Present A T-Series Film In Association With B.R. Studios,  Presenting the official trailer of the upcoming Bollywood movie Pati Patni Aur Woh  romantic comedy film Directed By Mudassar Aziz and Produced By Bhushan Kumar, Renu Ravi Chopra, Krishan Kumar. The film is a remake of the 1978 film of the same name and is starring Kartik Aaryan, Bhumi Pednekar and Ananya Panday in lead roles along with Aparshakti Khurrana in supporting role.üé¨ MOVIE Releasing On 6 December 2019#PatiPatniAurWohTrailer Directed By Mudassar AzizProduced By Bhushan Kumar, Renu Ravi Chopra, Krishan KumarCreative Producer: Juno ChopraDop: Chirantan DasCo-Producer (T-Series): Vinod Bhanushali  President Global Digital Business And Legal (T-Series): Neeraj Kalyan  Senior Vice President Films (T-Series:) Shiv Chanana  Screenplay & Dialogues: Mudassar AzizAdaptation Of Orignal Script: Jasmeet K Reen  Editor Ninad Khanolkar  Costume Designer Niharika Bhasin  Sound Designer Arun Nambiar  Production Design Tariq Umar Khan___________________________________Enjoy & stay connected with us!üëâ Subscribe to T-Series: http://bit.ly/TSeriesYouTubeüëâ  Like us on Facebook: https://www.facebook.com/tseriesmusicüëâFollow us on Twitter: https://twitter.com/tseriesüëâ Follow us on Instagram: http://bit.ly/InstagramTseries","19.04.11","Pati patni aur woh Trailer-Kartik Aryan-Bhumi Pednekar-pati patni aur woh trailer 2019 kartik aaryan-pati patni aur woh trailer kartik-pati patni aur woh trailer song-pati patni aur woh movie trailer-pati patni aur woh-pati patni aur woh trailer 2019-pati patni aur woh kartik-bhumi pednekar-pati patni aur woh official trailer-ananya pandey-kartik aaryan-kartik aryan-pati patni aur woh 2019-kartik aaryan new movie-ananya","8102128","424118","15682","15853","https://i.ytimg.com/vi/L7a1JSeqaXk/default.jpg","False","False"
"c9PsmmjK5t4","KALLA CHANGA  : Ninja | Jaani | B Praak | Sukh Sanghera | New Punjabi Song 2019 | Punjabi Sad Songs","2019-11-02T04:29:19.000Z","UCopY0NAzASqmD6eVaRj2TFQ","White Hill Music","10","Ninja is back with bang with his new Punjabi song Kalla Changa lyrics by Jaani music given by B Praak and video directed by Sukh Sanghera. Produced by Gunbir Singh Sidhu & Manmord SidhuCreate Tiktok videos on below given links to get Feature : ‚òÖ http://vm.tiktok.com/mrUuCQ/‚òÖ http://vm.tiktok.com/mrUuCQ/Credits : Song : Kalla ChangaSinger : NinjaLyrics : JaaniMusic : B PraakVideo by : Sukh SangheraEditor : Sadik Ali ShaikhDI : After StudioPresentation : Umesh KarmawalaProduced by Gunbir Singh Sidhu & Manmord SidhuOnline Promotion: Kixtix MediaSubscribe us on :-YouTube : http://bit.ly/SubscribeWhiteHillMusicFacebook : -White Hill Music : https://www.facebook.com/whitehillmusicWhite Hill Studios : https://www.facebook.com/whitehillstudiosofficial  Twitter : https://twitter.com/whitehillproducInstagram : https://www.instagram.com/whitehillmusic/Website : https://www.whitehillstudios.comAlso Available on :- ‚ñ∫Get this track from leading audio stores (Apple Music, iTunes, Amazon Music, Spotify) : https://backl.ink/85409883‚ñ∫YouTube Music : https://music.youtube.com/watch?v=sbV-2HqM4Kw&feature=share‚ñ∫JioSaavn : https://www.jiosaavn.com/song/kalla-changa/PCM0BBZiBmU‚ñ∫Gaana : http://bit.ly/335pAsX‚ñ∫Wynk : http://bit.ly/2JEq8y6‚ñ∫Google Play : https://play.google.com/store/music/album?id=Byt4sq5haifwaevpgcfgolblal4&tid=song-T3tk3w6hs773iu3lrhziw47ag64‚ñ∫Hungama : https://www.hungama.com/album/kalla-changa/49980724/Operator Codes : ‚óè Airtel : Airtel Subscribers Direct Dial 5432117271484¬†to Set as Hello tune ‚óè Airtel Hellotune Link¬†: https://www.airtelhellotunes.in/single/index/vcode/009172700001484‚óè Vodafone : Vodafone Subscribers for Caller Tune Direct Dial 53711697036‚óè Idea : Idea Subscribers for Dialer Tone Direct Dial 53711697036‚óè BSNL (N & W) Direct Dial : BSNL (N & W) Subscribers Direct Dial 567007329037 to set BSNL Tune‚óè BSNL (E & S) Direct Dial : BSNL (E & S) Subscribers Direct Dial 5670011697036 to set BSNL TunePublished Year : 2019Copyright : White Hill Music & Entertainment Private LimitedF-545,1st Floor,Phase -8A Industrial Area,Mohali - 160059","19.04.11","ninja-jaani-ninja new song-ninja kalla changa-kalla changa-kalla changa ninja-b praak-kalla changa punjabi song-punjabi videos-punjabi songs-new punjabi songs-latest punjabi songs-ninja songs-jaani ve-jaani songs-b praak songs","10289411","357016","9854","12950","https://i.ytimg.com/vi/c9PsmmjK5t4/default.jpg","False","False"
"NCQlOXoc2v8","Meri Galti (Full Video) - Ambili Menon Ft. Hasnain & Ashnoor Kaur | United White Flag","2019-11-03T07:30:15.000Z","UCgGG-8Q2nPHPMyrzi8PQ-Tw","United White Flag","10","Click to Subscribe - http://bit.ly/UnitedWhiteFlagYTSong : Meri Galti (Full Video)Singer / Music : Ambili MenonLyrics : Kunaal Vermaa Music Producer : Aditya Dev Mix and Master : Aditya DevRecorded at Aditya Dev Studio, Mumbai Video Director : United White Flag Styling : Dharti GulatiDop: Rahul Arora Editor: Varun AroraDrone: Tanish Arora Makeup & Hair : Raj KingChoreographer: Amit SyalCasting : Ashnoor Kaur : CelebistaanPost production - Uwf Studios Publicity Design - F1 DigitalsProduced by Qyuki Digital MediaListen & Download on:JioSaavn: https://www.jiosaavn.com/song/meri-galti/BR88SQJnA0kGaana: https://gaana.com/album/meri-galtiApple Music: https://music.apple.com/in/album/meri-galti-feat-ashnoor-hasnain/1485407928?i=1485407936Spotify: https://open.spotify.com/album/23TBQ6HVxavzMkHjL1K45LAmazon music: https://music.amazon.in/albums/B07ZQL1DX7Google play music: https://play.google.com/store/music/album/Ambili_Menon_Meri_Galti?id=Bzkrwwflcfqkvay43gvzgqo44piFollow United White Flag on :YouTube : http://bit.ly/UnitedWhiteFlagYTInstagram : https://www.instagram.com/UnitedWhiteFlagFacebook : https://www.facebook.com/UnitedWhiteFlagFollow Ramji Gulati on :Facebook - https://www.facebook.com/RamjiGulatiOfficialTwitter - https://twitter.com/ramjigulatiSound Cloud - https://soundcloud.com/ramjigulati","19.04.11","meri galti full video-ambili menon-hasnian-anshoor kaur-meri galti new song-sad song-new song 2019-meri galti ambili menon-tiktok-meri galti hasnain-ramji gulati-hindi songs-latest songs-bollywood songs-punjabi songs-hindi latest songs","5692359","504255","24242","29680","https://i.ytimg.com/vi/NCQlOXoc2v8/default.jpg","False","False"
"oGneAab3e88","Jai Jai Shivshankar Full Song | War | Hrithik Roshan, Tiger Shroff | Vishal & Shekhar, Vishal, Benny","2019-11-04T07:12:55.000Z","UCbTLwN10NoCU4WDzLf1JMOA","YRF","10","#YRFnewreleases: Kadi Kadi Song -  https://youtu.be/4ZA7ikhjSXY‚ñ∫ Book your Tickets here üëáBook My Show: http://bit.ly/WarMovieTicketBookMyShowPaytm: http://bit.ly/WarMovieTicketPaytmHrithik Roshan and Tiger Shroff create magic, one move at a time in the celebratory song #JaiJaiShivshankar - full song OUT NOW.‚ñ∫ Subscribe Now: https://goo.gl/xs3mrY üîî Stay updated!üéß Song Credits:Song: Jai Jai ShivshankarSingers: Vishal Dadlani, Benny DayalMusic: Vishal and ShekharLyrics: KumaarRecording Studio: YRF Studios [Shantanu Hudilkar, Vijay Dayal, Chinmay Mestry, Abhishek Khandelwal, Manasi Tare]Mixed By: Vijay Dayal [YRF Studios]Mastered By: Donal Whelan [Mastering World, Wales - UK]Produced by: Abhijit NalaniAdditional Music Credits:Doitara Played by: Vishal DadlaniLive Rhythms and Percussions Arranged & Conducted by: Dipesh VarmaPercussions Performed by: Dipesh Varma, Keyur Barve, Omkar Salunkhe, Shikhar Naad Qureshi, Satyajit JamsandekarChorus: Umesh Joshi, Vijay Dhuri, Swapnil Godbole, Janardan Dhatrak, Varun Likhate, Yash Kulkarni, Pragati Joshi, Aditi PrabhudesaiChoreography: Bosco - CaesarStay in the filmy loop:‚ñ∫ Like us on Facebook: https://facebook.com/yrf‚ñ∫ Follow us on Twitter: https://twitter.com/yrf‚ñ∫ Follow us on Instagram: http://instagram.com/yrf‚ñ∫ Visit us on: https://www.yashrajfilms.com¬© Yash Raj Films Pvt. Ltd. üé¨ Movie Credits:Starring: Hrithik Roshan, Tiger Shroff, Vaani KapoorDirector: Siddharth AnandProducer: Aditya ChopraMusic: Vishal and ShekharLyrics: KumaarDirector of Photography: Benjamin JasperRelease Date: 2 October 2019 Synopsis:  India‚Äôs top agent Kabir (Hrithik Roshan) leads the Elite Shadow Unit of R&AW, a compact group of the cr√®me de la cr√®me of the armed forces who are personally trained by him and work with him on various high-risk missions across the world. Among Kabir and Colonel Luthra‚Äôs key targets are an international arms baron Rizwan Ilyasi who has been key in various acts of terrorism against the country. Khalid (Tiger Shroff) has fought his way up the ranks of the Indian armed forces. His greatest challenge and battle has been to fight against the sins of his father, once a decorated soldier working with Kabir who had turned a traitor. His ambition has been to join Kabir‚Äôs team to remove any stains on their family name. Kabir is not keen due to their past history, but Colonel Luthra requests him to, and gradually Kabir is also impressed by Khalid‚Äôs intense dedication and grit. Khalid becomes Kabir‚Äôs greatest soldier ever, flirting with death repeatedly in mission after mission as they go after the country‚Äôs enemies, including a mission against Rizwan Ilyasi that nearly kills Khalid. But Khalid‚Äôs greatest mission, his toughest yet, is still to come. When his own mentor Kabir turns rogue and starts to go after top officials and scientists and officers in the Indian establishment, targeting and executing them viciously across the world.  Colonel Luthra is unsure if Khalid has it in him to go after Kabir. Is he clever enough to hunt the man who trained him, and even if he does get him, does he have it in him to put a bullet in his hero‚Äôs head? Luthra advises Khalid against the mission but he insists ‚Äì he is the best prot√©g√© and the only one who can track the mentor. And only Kabir can answer the crucial question ‚Äì why did he turn rogue? A vicious cat and mouse game ensues as prot√©g√© goes after mentor in a war that spills across the globe. As the chase unravels both Kabir and Khalid begin to finally realize, what desperate stakes really drive them in this terrifying war.#YRFnewreleases #yrf #WAR‚Äã #VaaniKapoor‚Äã ‚Äã‚Äã‚Äã#SiddharthAnand #VishalDadlani‚Äã ‚Äã#ShekharRavjiani‚Äã #BennyDayal #Kumaar  ‚Äã#HrithikVsTiger #TeamHrithik","19.04.11","Hrithik Roshan-Tiger Shroff-War-Jai Jai Shivshankar Song-Jai Jai Shiv Shankar Song-Jai Jai Shivshankar Full Song-Jai Jai Shiv Shankar Full Song-Jay Jay Shivshankar Song-War Song-War Full Song-War Movie Song-New Song-New Movie Song-New Song 2019-War Full Movie-Songs 2019-New Hindi Song-Shiv Shankar Song-Hindi Songs-Tiger Shroff Songs-Hrithik Roshan Song-War Song Jai Jai Shiv Shankar-Songs of War Movie-War All Song-Vishal Dadlani Song","1794609","99557","1847","3825","https://i.ytimg.com/vi/oGneAab3e88/default.jpg","False","False"
"wHhUta4UAq0","Bigil - Bigil Bigil Bigiluma Video | Vijay, Nayanthara | A.R Rahman | Atlee","2019-11-01T09:30:04.000Z","UCTNtRdBAiZtHP9w7JinzfUg","SonyMusicSouthVEVO","10","The #Bigil Thara-local kuthu, you just can't take your eyes off, especially when it is the debonair #Thalapathy effortlessly grooving on screen! Presenting to you the official song video of #BigiluBigiluma from the blockbuster Bigil directed by #Atlee! A perfect celebratory number by #ARRahman , this one would leave you wanting to shake a leg with the stars out there!Hit play now for the official Tamil song video!Movie - BigilSong - Bigil Bigil BigilumaMusic - A.R. RahmanStarring - Vijay, Nayanthara, Jackie Shroff, Vivek, KathirDirected by AtleeDOP - G K Vishnu Edited by RubenProducer - Kalpathi S. AghoramBanner - AGS EntertainmentMusic Label - Sony Music Entertainment India Pvt. Ltd.¬© 2019 Sony Music Entertainment India Pvt. Ltd.Subscribe-YouTube- https-//www.youtube.com/c/SonyMusicSouthVEVO- https-//www.youtube.com/user/SonyMusicSouthVEVOLike us-Facebook- https-//www.facebook.com/SonyMusicSouthFollow us-Twitter- https-//twitter.com/SonyMusicSouthhttps-//www.instagram.com/sonymusic_south/","19.04.11","Sony Music South-Sony Music-Latest Tamil Songs-Tamil Trailers-Tamil Song Videos-Tamil HD Videos-2018 Tamil Songs-Tamil Cinema-Tamil cinema News-Bigil-Bigil Latest-Bigil Vijay-Bigil Movie-Bigil Records-Bigil Updates-Bigil Teaser-Bigil Trailer-Bigil Single Track-Bigil Songs-Bigil Album-Bigil Music-Bigil Audio-Vijay-Thalapathy-Vijay Updates-Vijay Movie-Singappenney-verithanam bigil song-Unakaaga-bigil jukebox-bigil","8216905","381020","15667","8665","https://i.ytimg.com/vi/wHhUta4UAq0/default.jpg","False","False"
"hCU_B_QKVR4","Mamangam Official Trailer - Mammootty | M Padmakumar | Venu Kunnappilly | Kavya Film Company","2019-11-02T10:51:12.000Z","UCnSqxrSfo1sK4WZ7nBpYW1Q","Lahari Music | T-Series","10","Presenting you the Official Trailer Of #Mamangam. Directed By M PadmakumarTrailer Cut: Don MaxDirected By : M PadmakumarProduced By : Venu KunnappillyAdapted Screenplay & Dialogues : Shankar RamakrishnanDOP : Manoj PillaiAction : Sham KaushalVFX : RC KamalakannanMusic : M JayachandranBackground Score : Sanchit Balhara & Ankit BalharaEditor : Raja MohammedProduction Designer : MohandasSound Design : PM Satheesh,  Manoj M GoswamiExecutive Producers : Vivek Ramadevan, Ayjo AntonyCostume : SB SatheesanMakeup : Roshan NGLyrics : Rafeeq Ahmed, Ajay GopalLine Producer : Meera ThalakotturProduction Controller : Dixon PoduthasFinance Controller : Gopakumar GKCo Directors : Siraj Kalla, K J Vinayan Asso Director : Ullas KrishnaProduction Cordinator : K Radhakrishnan Color by :  REDCHILLIES.COLORColorist : Ken MetzkerStills : Sreenath N UnnikrishnanDesign : OldmonksCastMammootty Unni Mukundan Prachi Tehlan Siddique AchuthanAnusitaraIniyaKanihaTarun AroraSuresh krishna ManikuttanSudev nairManikandan#MamangamTrailer, #Mammootty, #MamangamMalayalamMovieTrailer---------------      Enjoy & stay connected with us!!Subscribe to our Youtube Channel : http://bit.ly/1hE4KpSLike us on FB: https://goo.gl/hbfPfL Circle Us on G+ :  http://goo.gl/STQX0gFollow Us on Twitter : http://bit.ly/1sZimzM","19.04.11","mammootty-mamangam trailer-Mamangam Official Trailer-mamangam trailer malayalam-mamangam-mamangam movie songs-mammootty mamangam-anu sithara-unni mukundan-mamangam malayalam movie songs-mammootty new look-mamangam video songs-mammootty fight-mammootty mamangam fight-mammootty action-mammootty age-latest malayalam trailers 2019-anu sithara hot-Prachi Tehlan-Mamangam Official Teaser-mamangam teaser-mamangam release-mamangam review","3065197","205779","8429","23168","https://i.ytimg.com/vi/hCU_B_QKVR4/default.jpg","False","False"
"mBCE7oN3yd8","Dilpreet Dhillon | Rangle Dupatte (Full Video) | Sara Gurpal | Desi Crew Vol 1 | Latest Songs 2019","2019-11-04T04:30:09.000Z","UCOsyDsO5tIt-VZ1iwjdQmew","Speed Records","10","Watch the full video for 'Rangle Dupatte' by Dilpreet Dhillon featuring Sara Gurpal!Song - Rangle Dupatte (Official Video)Artist - Dilpreet Dhillon Ft Sara GurpalLyrics - Narinder BatthMusic - Desi CrewEdit / Grade - Jagjeet Singh DhanoaDC - Jatinder BrarDOP - Ashwani ThapparBackground Score - Apsy SinghProduction - Reel MakersAsst Dir - - Karan Sandhu / Johnty DhillonCostume - Sharuti JamalCo - Director - Saharn SandhuChief AD - Sahil Baghra MD - Armaan DhillonConcept / Screenplay & Direction - Mahi Sandhu & Joban SandhuA Film By - B2gether ProsLabel - Speed Records Stream / Download fromGaana - http://bit.ly/2C8jT1niTunes - https://apple.co/34vPUg7Apple Music - https://apple.co/2oOsymISpotify - https://spoti.fi/32dpEphGoogle Play Music - http://bit.ly/36xdD12Amazon Music - https://amzn.to/2r5FMvWJiosaavn - http://bit.ly/36wl5cUYoutube Music - http://bit.ly/34sWnrULike || Share || Spread || Love   Enjoy & stay connected with us!‚ñ∫ Subscribe to Speed Records : http://bit.ly/SpeedRecords‚ñ∫ Like us on Facebook: https://www.facebook.com/SpeedRecords‚ñ∫ Follow us on Twitter: https://twitter.com/Speed_Records‚ñ∫ Follow us on Instagram: https://instagram.com/speedrecords‚ñ∫ Follow on Snapchat : https://www.snapchat.com/add/speedrecords  Speed Records HaryanviYoutube: https://bit.ly/2kSrhZKInstagram: https://www.instagram.com/speedharyanviofficial Rangle Dupate,Rangle Dupatte,Rangle Dupatte Dilpreet dhillon,Rangle Dupatte sara gurpal,rangle dupatte full,rangle dupatte dilpreet dhillon,dilpreet dhillon Rangle Dupatte,dilpreet dhillon new,dilpreet dhillon songs,sara gurpal songs,sara gurpal new,Rangle Dupatta,Rangle,Dupatte,Rangli Dupatte,RangleDupatte,punjabi bhangra,punjabi romantic songs,latest punjabi songs 2019,speed records,Hit punjabi song, angle dupatta,ang le dupatta, desi crew, desi crew new, desicrew,Speed Records Bhojpuri - Youtube: https://bit.ly/2y8HSezInstagram: https://bit.ly/2xM2WYLSnapchat: https://www.snapchat.com/add/speedbhojpuriOops TV -Oops TV Facebook Link - https://m.facebook.com/oopstvfun/Poon Poon - Snapchat - https://www.snapchat.com/add/poonpoon0001Youtube - http://bitly.com/2hwYOnxFacebook - https://www.facebook.com/officialpoonpoonInstagram - https://instagram.com/poonpoonofficial","19.04.11","Rangle Dupate-Rangle Dupatte-Rangle Dupatte Dilpreet dhillon-Rangle Dupatte sara gurpal-rangle dupatte full-rangle dupatte dilpreet dhillon-dilpreet dhillon Rangle Dupatte-dilpreet dhillon new-dilpreet dhillon songs-sara gurpal songs-sara gurpal new-Rangle Dupatta-Rangle-Dupatte-Rangli Dupatte-RangleDupatte-punjabi bhangra-punjabi romantic songs-latest punjabi songs 2019-Hit punjabi song-angle dupatta-ang le dupatta-desi crew-desi crew new-desicrew","2350876","114463","2247","2383","https://i.ytimg.com/vi/mBCE7oN3yd8/default.jpg","False","False"
"6uTM5ecVOxY","GEDI  (Official Video)  Kulbir Jhinjer ft Tarsem Jassar | New Song 2019 | Vehli Janta Records","2019-11-03T02:30:45.000Z","UCyXTmEh_ftszgyO3FTe4-jA","VehliJantaRecords","10","Vehli Janta Records & Manpreet Johal Presents New Song of Kulbir Jhinjer ft Tarsem JassarSong : GediSinger/Lyrics/Composer : Kulbir JhinjerFeaturing : Tarsem JassarMusic : Western PenduOnline Promotions - Gold MediaVideo : True Roots ProductionsDirector : Harry ChahalLabel : Vehli Janta RecordsProducer : Manpreet JohalProducer: MANPREET JOHAL                                                                        Insta: http://instagram.com/manpreetjohaloff...                                  Snapchat: https://www.snapchat.com/add/johal.ma...Stay Connected With Artist Social Media:Facebook: https://www.facebook.com/KulbirJhinjerMusic/Instagram: https://www.instagram.com/kulbirjhinjer/Snapchat: iKulbirjhinjerStay Connected with Vehli Janta Records:Youtube: http://bit.ly/2Ny1CTHFacebook: http://bit.ly/32aINJmInstagram: http://bit.ly/2NwWO0W","19.04.11","Latest-New-Songs-Music-Video-Audio-Full Song-Hit-Super Hit-Bets of 2015-best of 2016-Movie songs-full movie-singers-live-show-must watch-https://youtu.be/6uTM5ecVOxY","3137651","113670","2949","4205","https://i.ytimg.com/vi/6uTM5ecVOxY/default.jpg","False","False"
"CDuqrHYMqAA","Magical Bala || ‡§ö‡§Æ‡§§‡•ç‡§ï‡§æ‡§∞‡•Ä ‡§¨‡§æ‡§≤‡§æ || Bala Movie Spoof || Nazarbattu","2019-11-03T11:35:36.000Z","UC1_-cyLlwnmTAesbMgruDpQ","Nazar Battu","23","'Magical Bala' is a spoof of upcoming bollywood film Bala. In this spoof Bala is a bald guywho has tried every possible remedy to grow his hair back but is faily badly. Being bald is so frustrating thatevery girl he dates is rejecting him leaving him lonely and dead from inside. But then a miracle happens whichturns bala into 'Magical Bala' which eventually takes him to his soulmate. ¬†Follow us on :- YouTube :- http://bit.ly/NazarBattuFacebook :- https://www.facebook.com/battunazar/?...Twitter :- https://www.twitter.com/nazar_battuInsta :- https://www.instagram.com/nazarbattuproductionsWritten and Directed by - Yash-GyanendraDOP ‚Äì Muzzamil Hayaat, Priyanshu VatsEditing and Background Score - SarfaraazArt Director ‚Äì Shreya Asrani/ Muzammil HayaatGraphics and Colour Grade - Sarfraz ZuberProject Head - Harsh Gautam/ Ameen KhanProduction Support ‚Äì Shiva SinghCamera Assistant - Jeetu TiwariThumbnail Design -Muzammil HayaatCastDinesh SinghGyanendra mauryaYash Vardhan SinghShreya AsraniMohini VarshneyDeep KaurShiva SinghMonuSarfrazArshad KhanAnurag ShuklaSarfarazHarsh GautamJeetendraShashankNikesh SinghLoveySachin RaghavRajnish Abhishek GaurYuvraajMrs DubeyAnd All Thanks to Supporting Artist..  Owned ,Operated and Managed by Nazarbattu Production Pvt. Ltd","19.04.11","nazar battu-Magical Bala-‡§ö‡§Æ‡§§‡•ç‡§ï‡§æ‡§∞‡•Ä ‡§¨‡§æ‡§≤‡§æ-Bala Movie Spoof-Nazarbattu Productions-Pawan Yadav-Takla-Ganja-Bald-Hair loss-Ayushmaan Khurana-Shaitan Ka Sala-Akshay-Hausefull 4-Dinesh Sing-new Video-Trending Now-Dont Be Shy-Ujda Chaman-Twinkle Song-Devta-Remedies-bala ki talvar","946455","63325","1641","2461","https://i.ytimg.com/vi/CDuqrHYMqAA/default.jpg","False","False"
"BH4a8e7cbFY","ROJA Serial | Episode 473 | 4th Nov 2019 | Priyanka | SibbuSuryan | SunTV Serial |Saregama TVShows","2019-11-04T14:15:01.000Z","UCtrovMbRR6h_XLMfdbhqb1A","Saregama TV Shows Tamil","24","Watch today episode of Roja Serial:SUBSCRIBE to Saregama TV Shows Tamil Channel and Don't forget to switch ON your notification for all the upcoming serial episode updates.Watch the Roja serial episode telecast exclusively only on SunTV.Crew:Cast ‚Äì Priyanka, SibbuSuryan, Rajesh, Vadivukarasi, Gayathri, Shiva, Venkat, Smriti, Kavithalaya Krishnan, Shanthi Anand, Viveen, Devanand, Ramya,  K. Natraj, Dr. Sharmila, Manohar, Sowmiya, Sathish, Shamili, Girish, Suseendhar, Shoba Rani, Swetha, Ansari, Dubbing Janaki, SVS Kumar, Anand, Ganesh, Sumathi Shree.Director ‚Äì V. SadhasivamSenior Vice President ‚Äì B.R. VijayalakshmiCreative Head ‚Äì PrinceCameraman ‚Äì Parthiba KrishnaStory ‚Äì SaregamaScreenplay ‚Äì V. PadmavathyDialogue - Guru SampathMusic - RaviragavLyricist -  Arun BharathyTitle Song Singer - M.M. ManasiEditor - K. ShankarCreative Team - K. ShanmugamFor More Latest Updates:Subscribe to: http://www.youtube.com/saregamatvshowstamilFollow us on: https://twitter.com/saregamaglobalLike us on: https://www.facebook.com/saregamaVisit our website: http://www.saregama.com#RojaSerial #SaregamaTvshowsTamil #SunTVSerials","19.04.11","Roja serial today-Roja episode today-saregamatvshowstamil-saregama tvshows tamil-saregama tamil tvshows-Roja serial episodes-suntv serial roja-roja suntv serial today-roja tamil tv serial-roja episodes daily-arjun and roja returned house-sun tv serial roja serial today episode-roja episode today-today roja episode-today roja episode sun tv-roja serial today-Roja episode 473-Roja 4th Nov episode-Roja full episode-Roja full episiodes","1254176","16713","1501","1060","https://i.ytimg.com/vi/BH4a8e7cbFY/default.jpg","False","False"
"TQxZGK31k3g","BE THE ONE - Documentary Ft. MortaL, Scout and Carry","2019-11-04T12:00:12.000Z","UCmeeY9kzNswUpbYyJntb3Aw","PUBG MOBILE Esports","20","BE THE ONE - BE BOLDWe follow India's most loved, popular and top PUBG MOBILE professional players Mortal, Scout and Carry to get to know their tales of personal hardship, individual growth, and professional development, Be The One helps you understand these PUBG MOBILE pros better than ever before.Naman Mathur aka SouL #MortaLTanmay Singh aka Fnatic #ScoutGopal Sarda aka OR #Carry.Also, Don't miss out on PMCO 2019 South Asia Regional | Fall Split where you can catch these players in action and fighting for a ticket to Global Finals in Kuala Lumpur, Malaysia.You can Buy VIP tickets to the event and get a chance to meet them at the venue here : https://bit.ly/32NItQGA PUBG Mobile Esports Official Documentary Songs by Hurricane Party#PUBGMOBILE #PUBGMOBILEEsports","19.04.11","PMCO-Club Open-PUBG mobile-club-open-pmco-Pubg mobile club open-Mortal-Carry-Scout-pubg mobile documentary-pubg","260041","31928","289","2345","https://i.ytimg.com/vi/TQxZGK31k3g/default.jpg","False","False"
"BfvF255pIjw","FilterCopy | Ways We Used To Cheat In School | Ft. Viraj and Raunak","2019-11-04T10:21:44.000Z","UC7IMq6lLHbptAnSucW1pClA","FilterCopy","24","Please thoda to dikha de yaar!Follow us on Instagram: http://bit.ly/FCGramFollow us on Tik Tok: http://bit.ly/FCTikTokWRITER PREKSHA KHANNA DIRECTOR PALLAVI KEDIA ASSISTANT DIRECTORS SHASHANK VARMACAJOLE KAPOOR DOP AJINKYA PANDIT ART RITIKA GUPTA EXECUTIVE PRODUCER PRATIK RATHIPRACHI JOSHI  CAST (IN ALPHABETICAL ORDER) ANIL JANOTICAJOLE KAPOORNISHAAD JAVERIPRATIK RATHIRAUNAK RAMTEKEVIRAJ GHELANI EDITOR SUSHANT SINGH COLOR GRADING AJINKYA PANDIT GRAPHICS MANOJ MORESHREYA SETHIGAURAV JHAMBDIMPLE PATELARZOO NAQVI MAKEUP AND HAIR VRUTI JAGDA DRESSMAN MAHENDRA KUMAR VIDEO OPERATIONS RAUNAK RAMTEKE CAMERA ATTENDANT RAKESH KUMAR SOUND RECORDIST INDRAJEET LIGHT ATTENDANT VISHWANATH MANDAL SPOT JITENDRA GAUTAM SUBTITLES PALLAVI KEDIA","19.04.11","filtercopy-filter copy-dice-dice media-filtercopy school-filter copy school-filtercopy exam-filter copy exam-filtercopy cheating-filter copy cheating-viraj ghelani-raunak ramteke-trending video-tvf-girliyapa-tsp-aib-alright-realshit-amit bhadana-filtercopy school video-filter copy school video","792542","38039","912","1502","https://i.ytimg.com/vi/BfvF255pIjw/default.jpg","False","False"
"nRwjwXHc7nw","Zakir khan | Laundon ki fantasy |(thoda unclear sound, use headphones) 2016","2019-11-01T12:04:57.000Z","UCkS7Vxu4PjM99w0Is6idjcg","Zakir Khan","23","Ek purana video mil gaya tha, socha aapko logon ko diwali ka ek chota sa taufa de de. yeh woh baatein hai jo Haq Se Single shamil nahi ho paayi. audio kharab hai, par kaam toh chal jayega.","19.04.11","zakir khan-zakir khan comedy-zakir khan latest-zakir khan funny-zakir khan stand up comedy-Stand up comedy-hindi comedy-BB ki vines-Amit bhadhana-Ashish chanchalani","4448509","184808","12467","6817","https://i.ytimg.com/vi/nRwjwXHc7nw/default.jpg","False","False"
"0Sxl-JvKVpQ","Naayagi Episode 523, 04/11/19","2019-11-04T15:00:01.000Z","UC-lJ-F5mlPP6SYPkkq6gjwA","VikatanTV","24","USee Shop appAndroid   http://bit.ly/2S8QniRApple   https://apple.co/2EzxseeNaayagi Episode 523Subscribe: https://goo.gl/eSvMiG  Vikatan App - http://bit.ly/2QvUBTD    Next Episode : http://bit.ly/2Od08Ph  Prev Episode : http://bit.ly/2SEGXMx    Best of Naayagi: http://bit.ly/2LzLHlLPromos: https://goo.gl/iptj14 Facebook: https://goo.gl/Ze4PrFNaayagi (Nayagi or Nayaki) is a 2018 Tamil language family soap opera, a serial with daily episode, starring Vidya Pradeep, Papri Ghosh, Ambika, Dhilip Rayan, Vetri Velan, Meera Krishnan and Suresh Krishnamurthi. It is the story of Anandhi, heir apparent to a business empire but separated at birth from her parents who were killed treacherously by their aide Kalivardhan. The show replaced Deivamagal and is produced by Vikatan Televistas Pvt Ltd. This Tamil daily serial airs on SUN TV, every Monday to Saturday at 8:00 pm. Here is today‚Äôs episode. Yesterday episode link above.","19.04.11","SunTv-VikatanTV-Tamil Serial-Tamil Programme-Tamil TV Programme-Daily Serial-SunTV Serial-Naayagi Episode 523-Naayagi 04/Nov/2019-Naayagi Episode 04/11/19-Naayagi 04/11/2019-vikatan-vikatantv-Naayagi latest episode-Naayagi episode today-Naayagi-Nayagi","766987","6171","1140","448","https://i.ytimg.com/vi/0Sxl-JvKVpQ/default.jpg","False","False"
"PypBETfyz7I","Bigg Boss 3 Telugu Grand Final Episode | Bigg Boss 3 Telugu Tittle Winner Rahul Sipligunj | Star Maa","2019-11-03T09:41:12.000Z","UC8Dj-LDol8r7zGnhn0onF0A","Top Telugu TV","24","Bigg Boss 3 Telugu Grand Final Episode | Bigg Boss 3 Telugu Tittle Winner Rahul Sipligunj | Star Maa#StarMaa #BiggBoss3TeluguTittleWinnerTop Telugu TV  is the Well Known Telugu News channel Across Telangana and Andhra Pradesh. Telugu Real Facts, Telugu Live news gives 24/7 Hours live news, covering Indian political news, sports news, Entertainment news, Celebrities Interviews,Facebook&Promotions of Celebrities, live events, comedy Telugu web series and Tollywood movie promotions, Free Telugu News Channel, 24/7 news Telugu channelTelugu, Language Channel owned by  Bhavitha Sri Media House Pvt Ltd.And Subscribe My Channels  1)Top Telugu TV https://bit.ly/2my9wje2)SPOT  NEWShttps://bit.ly/2mxFaNP3)SAMSKRUTHI  TVhttps://bit.ly/2mxlFos4)TOP ANDHRA TVhttps://bit.ly/2o0LDBa5)TOP TELANGANA TVhttps://bit.ly/2nsRij46)TOP TELUGU FITNESS https://bit.ly/2mxMdGf7)TOP TELUGU TV ORIGINALShttps://bit.ly/2nq9VUW8)TOP TELUGU KITCHEN https://bit.ly/2nq9VnV9)TOP TELUGU TV MUSIChttps://bit.ly/2lQdL9sFollow ...Website: https://www.toptelugutv.comFacebook: https://www.facebook.com/toptelugutvchannel/Twitter : https://twitter.com/TopTeluguTV/Subscribe: https://www.youtube.com/channel/UC8Dj-LDol8r7zGnhn0onF0AInstagram: https://www.instagram.com/toptelugutv/?hl=en","19.04.11","bigg boss 3 telugu grand finale promo-bigg boss 3 telugu grand finale-bigg boss 3 telugu grand finale date-bigg boss 3 telugu final winner-bigg boss 3 telugu title winner-rahul sipligunj bigg boss 3 winner-bigg boss telugu latest news-bigg boss 3 rahul sipligunj winning episode-sreemukhi in bigg boss 3 final-top telugu tv-star maa bigg boss 3 telugu-bigg boss 3 telugu grand finale full episode-bigg boss 3 telugu grand finale winner","675629","3965","1488","1018","https://i.ytimg.com/vi/PypBETfyz7I/default.jpg","False","False"
"M7yWHK2iX48","Kundali Bhagya - ‡§ï‡•Å‡§Ç‡§°‡§≤‡•Ä ‡§≠‡§æ‡§ó‡•ç‡§Ø | Ep 611 | November 04, 2019 | Preview | Zee TV","2019-11-04T05:20:11.000Z","UCppHT7SZKKvar4Oc9J4oljQ","Zee TV","24","ZEE5 Now available in 190+ countries. Click Here http://bit.ly/WatchNowOnZEE5To watch FULL episode of Kundali Bhagya, CLICK here - https://www.zee5.com/tvshows/details/kundali-bhagya/0-6-366/episodesKundali Bhagya is an intriguing story about two young girls - Preeta and Shrishti. They discover the existence of their mother - Sarla and their sister Pragya, after the death of their father. Amidst this journey of mixed emotions the girl's cross paths with two rich brothers, Rahul and Karan who are friends with Abhi. The story will then introduce romance, drama and dispute in the lives of Preeta, Shrishti, Rahul and Karan.The feel of your language is in your entertainment too! Watch your favourite TV shows, movies, original shows, in 12 languages, because every language has a super feel! To Feel ZEE5 in Your Language, DOWNLOAD the app now - Playstore: https://play.google.com/store/apps/details?id=com.graymatrix.did- iTunes: https://itunes.apple.com/in/app/zee5-shows-live-tv-movies/id743691886Visit our website - https://www.zee5.com Connect with us on Social Media: - Facebook - https://www.facebook.com/ZEE5/ - Instagram - https://www.instagram.com/zee5 - Twitter - https://twitter.com/ZEE5India","19.04.11","kundali bhagya today-kundali bhagya-kundali bhagya serial-kundali bhagya 22 october 2018 full episode-kundali bhagya aaj ka episode-preeta and karan romance-preeta and karan dance-preeta and rishabh dance in gold awards-preeta and rishabh hug-srishti and sameer scenes-zee tv show kundali bhagya-zee tv kumkum bhagya","672726","5475","333","192","https://i.ytimg.com/vi/M7yWHK2iX48/default.jpg","False","False"
"MAMIU9npYvw","Azhagu - Tamil Serial | ‡ÆÖ‡Æ¥‡Æï‡ØÅ | Episode 595 | Sun TV Serials | 4 Nov 2019 | Revathy | Vision Time","2019-11-04T13:45:01.000Z","UCOpUWgNJq1kUlB3Z5KM7X-A","Vision Time Tamil","24","Azhagu Tamil Serial latest Full Episode 595 Telecasted on 4 November 2019 in Sun TV. Azhagu Serial ft. Revathy, Thalaivasal Vijay, Shruthi Raj and Aishwarya in the lead roles. Azhagu serail Produced by Vision Time, Directed by Selvam, Dialogues by Jagan. Subscribe Here for All Vision Time Serials - http://bit.ly/SubscribeVTClick here to watch:-Azhagu Full Episode 594 https://youtu.be/CdsD6XMWtDMAzhagu Full Episode 593 https://youtu.be/LEpvnNEF1NcAzhagu Full Episode 592 https://youtu.be/yyqgkVwQBbgAzhagu Full Episode 591 https://youtu.be/yxWR0FyLkg4Azhagu Full Episode 590 https://youtu.be/SdvInXHgjq0Azhagu Full Episode 589 https://youtu.be/o-RRVBT_UdkAzhagu Full Episode 588 https://youtu.be/X2ckmmMQluMAzhagu Full Episode 587 https://youtu.be/Xkgm1WQKyBkAzhagu Full Episode 586 - https://youtu.be/Rszyj5YooJcAzhagu Full Episode 585 https://youtu.be/qJUehUw-K9AAzhagu Full Episode 584 https://youtu.be/nuEpxXPLRbgAzhagu Full Episode 583 https://youtu.be/b4qpTHvb3QIFor More Updates:-Like us on - https://www.facebook.com/visiontimeindiaSubscribe - http://bit.ly/SubscribeVT","19.04.11","Azhagu-‡ÆÖ‡Æ¥‡Æï‡ØÅ-Azhagu Tamil Serial-Sun TV Serials-Thalaivasal Vijay-Vision Time-azhagu serial-azhagu serial today episode-azhagu serial yesterday episode-azhagu tamil serial-azhagu tamil serial today episode-azhagu tv serial-azhagu yesterday tamil serial-azhagu latest sun tv-azhagu latest serial-Revathy tamil serial-Revathy latest serial-Revathy sun tv serial-latest sun tv serial-azhagu latest episode-Full episode 595-4 november 2019","814636","6081","905","487","https://i.ytimg.com/vi/MAMIU9npYvw/default.jpg","False","False"
"543WZBKnaXA","THE MOST SPECIAL BIRTHDAY PARTY EVER !!!","2019-11-04T09:15:01.000Z","UCNn6AaHharXIbkRleXGboiQ","Mumbiker Nikhil","22","BUY MY MERCH : https://labelmn.comMivi Rocktoberfest is here. Get the Mivi Thunder Beats and Roam for a rockbottom price of Rs.999 this Diwali and what more all other products of Mivi on a huge discounts too. Click below to shop on your favorite platformShop on Amazon: https://amzn.to/2VGhsMuShop on FlipKart: http://bit.ly/32o4dTn","19.04.11","blogs-vlog-mumbiker-nikhil-birthday-29th birthday-mother-family-hyundai venue-nike-shien-jacket-fashion-men-youtube-india-trending-love-friends-mumbai-apple macbook 2019-iphone-iphone 11 pro max","571171","88930","859","7603","https://i.ytimg.com/vi/543WZBKnaXA/default.jpg","False","False"
"-HwOyU6YmdI","Housefull 4 |Bala Ki Talvar|Akshay|Riteish|Bobby|Kriti S|Pooja|Kriti K|Sajid N|Farhad|In Cinemas Now","2019-11-02T05:29:22.000Z","UCGqvJPRcv7aVFun-eTsatcA","FoxStarHindi","24","Bala is a gentleman who does not fight the princesses of Sitamgarh. But what happens when he‚Äôs faced with Sitamgarh‚Äôs Royal Guard, is sure to tickle your funny bones. Grab your tickets now and watch this epic comedy of confusion. #Housefull4Also Subscribe To FoxStarIndia: http://goo.gl/Y8HGhYFoxStarSouth : http://goo.gl/AO8IsZSocial Media LinksFacebook: https://www.facebook.com/foxstarhindiTwitter: https://twitter.com/foxstarhindiInstagram: http://instagram.com/foxstarhindiPinterest: http://www.pinterest.com/foxstarhindi/Dailymotion:http://www.dailymotion.com/FoxStarHindi","19.04.11","housefull 4 trailer-housefull 4 song-housefull 4-kriti sanon songs-kriti sanon movies-kriti sanon new song-kriti kharbanda-kriti kharbanda movies in hindi dubbed-kriti kharbanda songs-akshay kumar movies-akshay kumar songs-akshay kumar new movie-pooja hegde-pooja hegde movies in hindi dubbed-riteish deshmukh songs-riteish deshmukh-riteish deshmukh movies-bobby deol movies-sajid nadiadwala-farhad housefull 4-foxstarhindi-fox star studios","1317018","27604","1245","643","https://i.ytimg.com/vi/-HwOyU6YmdI/default.jpg","False","False"
"x-36UOkBP0A","Awara Pagal Deewana | BakLol Video","2019-11-04T10:08:56.000Z","UCQfE97UMDGgKCFb7iGM8Btg","BakLol Video","24","This is a funny video of three friends.Follow - https://www.instagram.com/baklolvideoStarring : Pankaj SharmaSanjhalika ShokeenYogesh KathuriaRj Rahul JainVibhu VarshneyKapil HopsDeepak KathuriaParul kaushik Simran kaushikAmit Singh Sahil PasrijaDOP- Chetan JaitpuriaScript- Vikas Jha & Team Baklol VideoVfx Artist - Vibhu VarshneyEdit - Pankaj SharmaLocation- Sociopool Ki HaveliManaged by: Sociopool India private limited (https://www.sociopoolindia.com/)","19.04.11","funny video-awara pagal deewana-baklol new video-funny hindi comedy-baklol-comedy-best comedy video-trending-desi girl-pagal video-baklol hindi vodeo","387156","14542","992","853","https://i.ytimg.com/vi/x-36UOkBP0A/default.jpg","False","False"
"26f1MD4F0KA","Captains fire before rain washes out first T20I | First Gillette T20I","2019-11-03T08:25:25.000Z","UCkBY0aHJP9BwjZLDYxAQrKg","cricket.com.au","17","Babar Azam and Aaron Finch top-scored for Pakistan and Australia respectively but the opening T20I in Sydney was ultimately abandoned due to wet weather#AUSvPAK","19.04.11","sp:ty=high-sp:dt=2019-11-03T03:30:00Z-sp:st=cricket-sp:li=icc-sp:ti:home=AUS-sp:ti:away=PAK","3631214","44502","2644","3151","https://i.ytimg.com/vi/26f1MD4F0KA/default.jpg","False","False"
"edxePvKEFbY","Episode 975 | 04-11-2019 | MogaliRekulu Telugu Daily Serial | Srikanth Entertainments | Loud Speaker","2019-11-04T10:00:13.000Z","UC0weja9nEaDcaiuUr8l_BuA","Loud Speaker","24","Mogalirekulu is an Indian Television Serial Directed By Manjula Naidu and Written by Bindu Naidu.Starring: Sagar, Likitha Kamini, Karuna, Ravi varma, Muktar, Shruthi Among Others.-----------------------------------------------------Crazy Kiya Re - A Celeb Talk Show: https://bit.ly/2WtVjVhKasthuri Telugu Serial: https://bit.ly/2KpXzGwSravana Sameeralu Telugu Daily Serial: https://bit.ly/2uNEJPmAgni Poolu Telugu Daily Serial: https://bit.ly/2NsTDSQKeratalu Telugu Daily Serial: https://bit.ly/2zWs0jvRuthuragalu -Telugu Daily Serial: https://bit.ly/2zXxD0vMogaliRekulu Telugu Daily Serial: https://bit.ly/2mAJJTLChakravakam Daily Serial: https://bit.ly/2O7Zk9VFor More Updates:Subscribe us @ https://www.youtube.com/channel/UC0weja9nEaDcaiuUr8l_BuA?sub_confirmation=1Follow us on : https://www.facebook.com/LoudSpeakerEnt/                          https://www.instagram.com/loudspeaker_offcial","19.04.11","mogalirekulu title song-Shruthi-kerataalu-Bindu Naidu Serials-mogalirekulu all episodes-ruthuragalu-Ravi varma jasmine-Likitha kamini and Karuna-Mogalirekulu Serial-Mogalirekulu-mogalirekulu last episode-mogalirekulu serial today-Muktar-sravana sameeralu-Mogalirekulu Telugu Serial-Sagar-mogalirekulu latest full episode-mogalirekulu today episode-agni poolu-mogali rekulu episode-manjula Naidu Serials-loud speaker","602002","7144","628","500","https://i.ytimg.com/vi/edxePvKEFbY/default.jpg","False","False"
"A8XCMqstXmo","Hindustani Bhau Makes FUN Of Tehseen Poonawalla & Paras Chhabra | Bigg Boss 13 Episode Update","2019-11-04T08:45:00.000Z","UCycyxZMoPwg9cuRDMyQE7PQ","TellyMasala","24","As the wild card card entry Tehseen Poonawala Shefali Zariwala Khesari Lal and Hindustani Bhau have entered Bigg Boss 13 house and suprisingly all the housemates are involve in funny conversation created by HIndustani Bhau.watch the episodic update only on TellyMasala. Reporter: Bushra Ansari Editor: Rupesh Shinde#HindustaniBhau #BiggBoss13 #ParasChhabraSubscribe Now http://bit.ly/SubscribeToTellyMasalaFollow Us On Instagram https://www.instagram.com/tellymasalaLike Us on Facebook https://www.facebook.com/TellyMasalaFollow Us on Twitter https://twitter.com/TellyMasalaFollow Us for more updates on Dailymotion http://www.dailymotion.com/user/TellyMasala/1 Follow Us on Google+ https://plus.google.com/u/0/113985400750240490690/posts","19.04.11","tellymasala-telly masala-tellymasala latest news-telly gossips-televsion update-bigg boss 13-tehseen poonawalla-television updates-paras chhabra-hindustani bhau bigg boss-hindustani bhau-hindustani bhau funny bigg boss-hindustani bhau inside bigg boss house-hindustani bhau makes fun of paras tehseen-bigg boss 13 episode update-bigg boss 13 today episode-hindustani bhau funny in bigg boss 13","408981","7766","251","1197","https://i.ytimg.com/vi/A8XCMqstXmo/default.jpg","False","False"
"IXvxpsTT2W4","DancePlus 5 | The Unbelievable Girl Power","2019-11-04T13:27:36.000Z","UC-LPIU24bQXVljUXivKEeRQ","StarPlus","24","I Rock Crew is ready to set some unbelievable benchmarks because no lies, this girl power hit us hard! Dance Plus 5 Starts 9th Nov, Sat-Sun at 8pm only on StarPlus and Hotstar","19.04.11","danceplus5-Danceplus-Danceplus4-danceplus3-danceplus2-remo-remodsouza-dance competition-starplus-dance india dance-reality show-Dharmesh-Punit-Remo-Raghav-new season-dance reality-popular show-coming soon-best dance show-Shakti-Shakti Mohan-Big Boss 13-KBC-Salman Khan-starts soon-new talent-fresh dancers-dancer revealed-danceplus move-move of the day-Q and A-Exclusive chat-gossip-reveal dancers-I rock crew","935131","30669","481","456","https://i.ytimg.com/vi/IXvxpsTT2W4/default.jpg","False","False"
"tdLBebY6_7M","Mouna Raagam | 4th to 9th November 2019 - Promo","2019-11-03T13:20:15.000Z","UCvrhwpnp2DHYQ1CbXby9ypQ","Vijay Television","24","#MounaRaagam #VijayTV #VijayTelevision #StarVijayTV #StarVijay #TamilTV #RedefiningEntertainment #Sakthi #SakthiVelan ‡ÆÆ‡Øå‡Æ© ‡Æ∞‡Ææ‡Æï‡ÆÆ‡Øç | ‡Æ§‡Æø‡Æô‡Øç‡Æï‡Æ≥‡Øç ‡ÆÆ‡ØÅ‡Æ§‡Æ≤‡Øç ‡Æö‡Æ©‡Æø‡Æï‡Øç‡Æï‡Æø‡Æ¥‡ÆÆ‡Øà ‡Æµ‡Æ∞‡Øà ‡Æá‡Æ∞‡Æµ‡ØÅ 7:30 ‡ÆÆ‡Æ£‡Æø‡Æï‡Øç‡Æï‡ØÅ ‡Æâ‡Æô‡Øç‡Æï‡Æ≥‡Øç ‡Æµ‡Æø‡Æú‡ÆØ‡Æø‡Æ≤‡Øç.. Click here http://www.hotstar.com/tv/mouna-raagam/13874 to watch the show on hotstar.","19.04.11","Star-Star Vijay TV-Vijay TV-Vijay-Redefining Entertainment-‡Æ§‡ÆÆ‡Æø‡Æ¥‡Øç-‡Æµ‡Æø‡Æú‡ÆØ‡Øç-‡Æü‡Æø‡Æµ‡Æø-‡Æ§‡Øä‡Æ≤‡Øà‡Æï‡Øç‡Æï‡Ææ‡Æü‡Øç‡Æö‡Æø-Tamil TV-Tamil Shows-Mouna Raagam-Mouna Ragam-New fiction-promo-hotstar","747380","7627","315","331","https://i.ytimg.com/vi/tdLBebY6_7M/default.jpg","False","False"
"Ywm3oc18V74","Dhee Champions | 6th November 2019 | latest Promo | ETV Telugu","2019-11-03T10:53:32.000Z","UCoY_p16GEbOQPgES1-wXpYg","ETV Dhee","24","#DheeChampions #EtvTelugu #Sudheer #Rashmi #PradeepWelcome to ETV Win APP https://f66tr.app.goo.gl/apps  download for FREE, to watch your ETV Network channel‚Äôs programmes any where any time.‡∞¶‡∞ï‡±ç‡∞∑‡∞£ ‡∞≠‡∞æ‡∞∞‡∞§‡∞¶‡±á‡∞∂‡∞Ç‡∞≤‡±ã‡∞®‡±á ‡∞Ö‡∞§‡∞ø‡∞™‡±Ü‡∞¶‡±ç‡∞¶ ‡∞°‡∞æ‡∞®‡±ç‡∞∏‡±ç ‡∞∞‡∞ø‡∞Ø‡∞æ‡∞≤‡∞ø‡∞ü‡±Ä ‡∞∑‡±ã ‡∞¢‡±Ä.... 11 ‡∞∏‡±Ä‡∞ú‡∞®‡±ç‡∞∏‡±ç ‡∞Æ‡±Å‡∞ó‡∞ø‡∞Ç‡∞ö‡±Å‡∞ï‡±ä‡∞®‡∞ø ‡∞á‡∞™‡±ç‡∞™‡±Å‡∞°‡±Å ‡∞¢‡±Ä‡∞õ‡∞æ‡∞Ç‡∞™‡∞ø‡∞Ø‡∞®‡±ç‡∞∏‡±ç(‡∞¢‡±Ä 12‡∞µ ‡∞∏‡±Ä‡∞ú‡∞®‡±ç) ‡∞ó‡∞æ ‡∞Æ‡∞ø‡∞Æ‡±ç‡∞Æ‡∞≤‡±ç‡∞®‡∞ø ‡∞Ö‡∞≤‡∞∞‡∞ø‡∞Ç‡∞ö‡∞°‡∞æ‡∞®‡∞ø‡∞ï‡∞ø ‡∞é‡∞Ç‡∞ü‡∞∞‡±ç ‡∞ü‡±à‡∞®‡±ç ‡∞Æ‡±Ü‡∞Ç‡∞ü‡±ç ‡∞®‡∞ø ‡∞ü‡∞®‡±ç‡∞®‡±Å‡∞≤ ‡∞ü‡∞®‡±ç‡∞®‡±Å‡∞≤ ‡∞ï‡±ä‡∞¶‡±ç‡∞¶‡∞ø ‡∞Ö‡∞Ç‡∞¶‡∞ø‡∞Ç‡∞ö‡∞°‡∞æ‡∞®‡∞ø‡∞ï‡∞ø ‡∞∏‡∞ø‡∞¶‡±ç‡∞¶‡∞Æ‡±à‡∞Ç‡∞¶‡∞ø. ‡∞Ø‡∞æ‡∞Ç‡∞ï‡∞∞‡±ç ‡∞ó‡∞æ ‡∞™‡±ç‡∞∞‡∞¶‡±Ä‡∞™‡±ç, ‡∞ü‡±Ä‡∞Æ‡±ç ‡∞≤‡±Ä‡∞°‡∞∞‡±ç‡∞∏‡±ç ‡∞ó‡∞æ ‡∞∞‡∞∑‡±ç‡∞Æ‡∞ø - ‡∞∏‡±Å‡∞°‡∞ø‡∞ó‡∞æ‡∞≤‡∞ø ‡∞∏‡±Å‡∞ß‡±Ä‡∞∞‡±ç, ‡∞ú‡∞°‡±ç‡∞ú‡±Ü‡∞∏‡±ç ‡∞ó‡∞æ ‡∞™‡±Ç‡∞∞‡±ç‡∞£ ‡∞ó‡∞æ‡∞∞‡±Å ‡∞Æ‡∞∞‡∞ø‡∞Ø‡±Å ‡∞∂‡±á‡∞ñ‡∞∞‡±ç ‡∞Æ‡∞æ‡∞∏‡±ç‡∞ü‡∞∞‡±ç ‡∞≤‡±Å ‡∞µ‡±ç‡∞Ø‡∞µ‡∞π‡∞∞‡∞ø‡∞∏‡±ç‡∞§‡∞æ‡∞∞‡±Å.","19.04.11","etv shows-eenadu television-padutha theeyaga-super2-Dhee10-dhee Jodi-jabardasth-extra jabardsth-cash-genes-swarabhishekam-etv20-manasu mamatha-swathi chinukulu-naperu meenakshi-funny task-intro-bhargav-rishika-govind-husna-piyush-ankitha-Rahul-darshini-sai-malavika-saketh-priyanka-reality show-dance","2272924","36425","3435","0","https://i.ytimg.com/vi/Ywm3oc18V74/default.jpg","True","False"
"Y_Q8lzDBWI8","Reality of Air Pollution in Delhi | Analysis by Dhruv Rathee","2019-11-02T12:55:41.000Z","UC-CSyyi47VX1lD9zyeABW3w","Dhruv Rathee","25","The Air Pollution season is back again in Delhi and the rest of north India. Stubble burning is once again being attributed as a major cause behind this. In this video, I analyse the reason why stubble burning has become such a big problem in the past decade and what are the solutions that are being tried out to control it. I also analyse the impact of Diwali firecrackers on air pollution and explain the air quality index. Link to detailed analysis of Stubble burning: http://indpaedia.com/ind/index.php/Crop_stubble_burning:_IndiaLink to indoor plants: https://en.wikipedia.org/wiki/NASA_Clean_Air_StudySupport my work: https://www.patreon.com/dhruvrathee---------------------------------------------------- For more informative videos and discussion on important Indian and world issues- Telegram channel to receive instant video updates: https://t.me/dhruvratheechannel Support on Patreon: https://www.patreon.com/dhruvrathee Subscribe: http://www.youtube.com/dhruvrathee Facebook: http://www.facebook.com/DhruvRatheePage Twitter: http://www.twitter.com/dhruv_rathee Instagram: http://www.instagram.com/dhruvrathee More Interviews by Dhruv Rathee: https://www.youtube.com/playlist?list... All episodes of The Dhruv Rathee Show: Ep 9 Black Money: https://youtu.be/UdNe4Bv8ARYEp 8 RTI Activists: https://youtu.be/zE_tnXDXlaI Ep 7 Ache Din in UP: https://youtu.be/dPvM2n2AFAw Ep 6 Lairs Modi, Ivanka: https://youtu.be/jt14K39g7TwEp 5 Padmavati: https://youtu.be/1M9XXdpuiaw Ep 4 Rajasthan: https://youtu.be/y26_c2jNPUw Ep 3 Jay Shah growth: https://youtu.be/FfTpWUPsdsc Ep 2 Indian economy: https://youtu.be/1ZIFEASmno0 Ep 1 Currency Notes: https://youtu.be/sAH9YyR3O4c More videos: Rahul Gandhi vs Modi: https://youtu.be/Lem7KgAb9SYPayTM reality: https://youtu.be/cseroHjs__E Air Pollution: https://youtu.be/Yo_mO0L8uE4 BJP IT Cell part 2: https://youtu.be/BslKjxaP4Ik Maun Modi: https://youtu.be/KOudMPiJFBI Indian Education: https://youtu.be/ABmXRhizz4I PNB Scam: https://youtu.be/5dL4AtHYd1w Bitcoin: https://youtu.be/Kesk8WK1uWM Aadhaar Card: https://youtu.be/S_bvQO6K5fY Best State in India: https://youtu.be/XPwVq56l1rk Petrol Prices reality: https://youtu.be/OSQXo3DpFAg Budget 2018: https://youtu.be/Ncjcg97P1TgSave Our Forests: https://youtu.be/jHmXSpTVjZA ----------------------------------------------------","19.04.11","Dhruv Rathee-Dhruv-Rathee-Dhruv Rathee latest video-india news live-indian youtuber-Narendra Modi-Rahul Gandhi-Air pollution-Delhi air-Stubble burning-Solutions to stubble burning-Solution to air pollution-India air pollution-Delhi pollution-Odd even rule-Arvind Kejriwal-Odd even delhi-Air pollution index-Air quality index-Punjab-Haryana-Air pollution mask-Air purifier-Best air purifier-diwali-Diwali firecrackers-Diwali air pollution","982406","79067","4640","6874","https://i.ytimg.com/vi/Y_Q8lzDBWI8/default.jpg","False","False"
"2a8hE5Y9pH4","Katha Sangama (Kannada) - Official Trailer | Rishab Shetty | HK Prakash | Puttanna Kanagal","2019-11-04T12:30:14.000Z","UCx1k-94_ERoSny5eklQy1Ng","Rishab Shetty Films","1","Presenting the Official Trailer of 'Katha Sangama' - A Rishab Shetty Vision.7 Directors | 7 Stories | 7 Musicians | 7 DOP | 1 MovieKathasangama is a Kannada anthology movie comprising of 7 Stories.Producers:  H K Prakash, Pradeep NR and Rishab ShettyCo-Producer:  Sukeshini Jayaram ShettyStory 1:Director: Shashi Kumar PStory & Screenplay: Jayanth SeegeMusic: DOSSMODECinematographer: Gomtesh UpadhyeEditor: AryaVFX: PPJSFX and Sound Design: Oli LabsDirection Department: Nithin Ramachandra, Shree Harsha MaiyaProduction Design: SharathLine Producer: Shamil BangeraSubtitles: Pooja SudhirDialogue: Raj B Shetty, Anirudh MaheshCast: Raj B Shetty, Amrutha Naik, JP TuminadStory 2: Written & Directed by : Chandrajith BelliappaMusic: Gagan BaderiyaCinematographer: Arvind KashyapEditor: RithwikVFX : Manifest and rvg studiosVFX Supervisor : Rahul VGCostume Designer: Pragathi Rishab ShettyProduction Designer: Chaitra PuthrayaAsst Directors: Sharath Mallesh, Shivshankar Noorambada, Manjunath Rohitashwa, Sameer KulkarniCast: Kishore, Yagna Shetty, Babu MridunikaStory 3: Director: Karan AnanthStory & Screenplay: Madhuri N Rao, Karan AnanthDialogues: Raj B Shetty, Karan AnanthMusic: Vasu DixitCinematographer: Deepak YarageraEditor, Colorist & VFX: Bharath M CAssociate Director: Hari KrishnaAdditional Cinematographer: Bharath M CAssistant Directors: Gowtham, Kushal Gowda, Swaroop KodurSFX and Sound Design: Vishnu, ArunSync Sound: Ankur Pandey, VinayCostume Design: Roshini ChakrapaniProduction Design: Ullas Haydoor, Raghu, Miriam, Narayan, Verve Studio and PrajwalLyrics: Ranjana BhattCast: Prakash Belawadi, Sowmya Jaganmurthy, Vasu DixitStory 4: Written and Directed By: Rahul P KMusic: Udith HaritasCinematographer: Sandeep P SEditor: Vinayak GuhanarayanAssociate Director: Pooja SudhirColorist: Tom C JosePublicity Design: Adarsh MohandasFinal Music Arrangements: Udith HaritasAdditional Music Programming: Kishan Mohan5.1 Mix: Krishnanunni N RaveendranDialogue Editing: Jamie DSilvaFoley: Kishore KumarSync Sound: Jamie DSilva, Mark ReddyAssistant Editor: Nikhil SreekumarSecond Assistant Cinematographer: Abhishek BhargavFirst Assistant Cinematographer: Ankur Sanjeev ChintalaArt Assistant: VittalAssistant Hair & Make Up Artist: Dharini AmitabhHair & Make up Artist: Zeba SherifAssistant Director: Nagendra Prasad KantiravaAdditional Screenplay: Balaji ManoharCast: Pramod Shetty, Balaji ManoharStory 5: Director: Jamadagni ManojScreenplay: Manoj V, Murali P, Ranganath CMMusic: Girish HothurCinematographer: Ranganath CMEditor: Abhishek MAssociate Director: Murali PuttaswamyColorist: Tom C JoseAudio Mixing/Mastering: Adil NadafStory: Hernando TellezDialogues: Vikrant VasuProduction Crew: Pony Flicks Team - Bhaskar Puttaswamy, Manjunath SR, Guhan VDirection Department: Karthik C, Pramod Kumar ATitles and Animation: Santhosh JettyPost Production Studios: Pinaka, Oktave, Akartha, SG StudiosLocation: Madhu HouseSFX & Foley: GopiBarber props: SudharshanMakeup Artist: PurushottamArt Director: Jayanth VinayakCast: Avinash, Hari SamashtiStory 6:Written and Directed by: Kiranraj KMusic: Nobin PaulCinematographer: Venkatesh AngurajEditor: Rithwik RaoColorist: Tom C JoseAssociate Director: Bharath RajVFX: Rahul V GopalkrishnaAudiography: MR RajakrishnanMixing & Mastering: Abin PaulDog Trainer: Rookie RajeshProduction Manager Asst: Rajesh K SProduction Manager: Shashidhara BProduction Designer: Chaithra PuthrayaMake Up Artist: Zeba SheriffCast: Rishab Shetty, Hariprriya, Rumy (Dog)Story 7:Written & Directed By: Jai Shankar AMusic: Vasuki VaibhavCinematographer: Saurav Prateek SanyalEditor: Chandan CMAssociate Director: Srinivas ChottanahalliAssociate Cameraman: Prakash S RColorist: Tom C Jose (Pinaka Studios)Subtitles: Nidhi Hegde, Amulya SreekanthSound Design: Oli LabsLocation Sound Recording: Meryl JohnMaking Video: Abhishek HegdeDirection Team: Abhilash Hebbar, Prashanth B, Naveen Kempanahalli, Nidhi HegdeLine Producer: Kabir ManavCast: Paravva, Raghavendra C, Beeresh, Nidhi Hegde------------------------------------------------------------------------------------Trailer Editing, Typography, Colorist: Pratheek ShettyTrailer Score: B Ajaneesh LoknathArivu beku song composed by Vasu DixitManasina Olage song composed by AgnataDistributionRishab Shetty Films through Jayanna FilmsPROSudheendra VenkateshTitles and AnimationKaran AcharyaAudioRishab Shetty AudioPostersAdarsh M Das (Creative Crew)AudiographyMR Rajakrishnan Sound DesignArun S ManiVishnu PCOli Sound Labs, ChennaiProduction ManagersShashidhara BRajesh KSExecutive ProducersPramod ShettyVinod DivakarSocial Media Partner: Creative GuyzMarketing Partner: The Big LittleAudio on Rishab AudioIn Association with Divohttp://www.facebook.com/divomovieshttps://twitter.com/divomovies#KathaSangama #Trailer #RishabShetty","19.04.11","Katha Sangama-katha sangama kannada movie-katha sangama kannada film-katha sangama rishab shetty trailer-katha sangama trailer-katha sangama kannada movie trailer-rishab shetty-rishab-haripriya-sandalwood-rishab audio-kannada-rishab shetty films-katha sangama movie-kannada trending-ajaneesh loknath-haripriya movies-raj b shetty-kannada short film-new kannada releases-hariprriya-kannada short film 2019-rishab shetty movies-prakash belawadi","158782","17483","153","993","https://i.ytimg.com/vi/2a8hE5Y9pH4/default.jpg","False","False"
"KiEnLazWaZg","Abhishekam | 4th November 2019  | Full Episode No 3371 | ETV Telugu","2019-11-04T10:00:04.000Z","UCSs9H1cyB3OHdy8wkit8ZKg","etvteluguindia","24","Welcome to ETV Win APP https://f66tr.app.goo.gl/apps  download for FREE, to watch your ETV Network channel‚Äôs programmes any where any time.Haritha shares the actual reasons for her change in behaviour to Vasumathi. Impressed with Dev's attitude, Tulasi tries to unite Subhadra with him.#Abhishekam #Subhadra #Harikrishna","19.04.11","etv-etv telugu-telugu etv serial-telugu etv serials-sorna-etv fiction-comedy-jabardasth-extra jabardasth-eenadu television-aadukalam-daily serials-animation-amrutha-dasari narayana rao-etv noon time serials-abhishekam-abhishekamserial-sanjay-shirisha-rekha","491587","1923","667","166","https://i.ytimg.com/vi/KiEnLazWaZg/default.jpg","False","False"
"j02FL-BvBNI","Pawan Kalyan LIVE || JanaSena Party Long March @ Visakhapatnam - TV9","2019-11-04T02:16:58.000Z","UCPXTXMecYqnRKNdqdVOGSFg","TV9 Telugu Live","25","Pawan Kalyan LIVE || JanaSena Party Long March @ Visakhapatnam Watch LIVE: https://goo.gl/w3aQdeToday's Top News: https://goo.gl/5YuScD‚ñ∫ Download Tv9 Android App: http://goo.gl/T1ZHNJ‚ñ∫ Download Tv9 IOS App: https://goo.gl/abC1bS‚ñ∫ Subscribe to Tv9 Telugu Live: https://goo.gl/lAjMru‚ñ∫ Like us on Facebook: https://www.facebook.com/tv9telugu‚ñ∫ Follow us on Instagram: https://www.instagram.com/tv9telugu‚ñ∫ Follow us on Twitter: https://twitter.com/Tv9Telugu‚ñ∫ Circle us on G+: https://plus.google.com/+tv9‚ñ∫ Pin us on Pinterest: https://www.pinterest.com/Tv9telugu#PawanKalyan  #JanaSenaPartyLongMarch   #Visakhapatnam","19.04.11","tv9-tv9 telugu-tv9 telugu news-tv9 news-telugu news online-online news-tv9 andhra pradesh-tv9 telangana-telangana top news-trending news-tv9 latest news updates-tv9 breaking news-tv9 varthalu-Pawan Kalyan LIVE || JanaSena Party Long March @ Visakhapatnam - TV9-#JanaSenaPartyLongMarch-#Visakhapatnam-#PawanKalyan","510770","0","0","104","https://i.ytimg.com/vi/j02FL-BvBNI/default.jpg","False","True"
"gIu4itq1lSA","‡∞§‡∞æ‡∞∏‡∞ø‡∞≤‡±ç‡∞¶‡∞æ‡∞∞‡±ç ‡∞µ‡∞ø‡∞ú‡∞Ø ‡∞∞‡±Ü‡∞°‡±ç‡∞°‡∞ø ‡∞ò‡∞ü‡∞®‡∞®‡±Å ‡∞µ‡∞ø‡∞µ‡∞∞‡∞ø‡∞Ç‡∞ö‡∞ø‡∞® ‡∞™‡±ç‡∞∞‡∞§‡±ç‡∞Ø‡∞ï‡±ç‡∞∑ ‡∞∏‡∞æ‡∞ï‡±ç‡∞∑‡∞ø | Tahsildar Vijaya Reddy Incident | TV5 News","2019-11-04T13:40:23.000Z","UCAR3h_9fLV82N2FH4cE4RKw","TV5 News","25","‡∞§‡∞æ‡∞∏‡∞ø‡∞≤‡±ç‡∞¶‡∞æ‡∞∞‡±ç ‡∞µ‡∞ø‡∞ú‡∞Ø ‡∞∞‡±Ü‡∞°‡±ç‡∞°‡∞ø ‡∞ò‡∞ü‡∞®‡∞®‡±Å ‡∞µ‡∞ø‡∞µ‡∞∞‡∞ø‡∞Ç‡∞ö‡∞ø‡∞® ‡∞™‡±ç‡∞∞‡∞§‡±ç‡∞Ø‡∞ï‡±ç‡∞∑ ‡∞∏‡∞æ‡∞ï‡±ç‡∞∑‡∞øAbdullapurmet Tahsildar Vijaya Reddy IncidentSubscribe to TV5 News for Latest Happenings and Breaking news from Andhra and Telangana. For More Updates‚ñ∫ TV5 News Live : https://goo.gl/UPacax‚ñ∫ Subscribe to TV5 News Channel: http://goo.gl/NHJD9‚ñ∫Our Website : http://www.tv5news.in‚ñ∫ Like us on Facebook: http://www.facebook.com/tv5newschannel‚ñ∫ Follow us on Twitter: https://twitter.com/tv5newsnow‚ñ∫ Circle us on TV5 News Channel G+: https://plus.google.com/+tv5newschannel‚ñ∫ Follow us on Pinterest: https://www.pinterest.com/tv5newschannel","19.04.11","tv5-tv5 news-telugu news-breaking news-tv5 online-tv5 youtube-tv5 live streaming-telugu news updates-news live-Tahsildar Vijaya Reddy-Tahsildar Vijaya Reddy Incident-‡∞§‡∞æ‡∞∏‡∞ø‡∞≤‡±ç‡∞¶‡∞æ‡∞∞‡±ç ‡∞µ‡∞ø‡∞ú‡∞Ø ‡∞∞‡±Ü‡∞°‡±ç‡∞°‡∞ø-‡∞µ‡∞ø‡∞ú‡∞Ø ‡∞∞‡±Ü‡∞°‡±ç‡∞°‡∞ø","177305","1498","178","741","https://i.ytimg.com/vi/gIu4itq1lSA/default.jpg","False","False"
"dtUFyLvdc6A","Jethalal Aur Iyer Chale Bapuji Ki Khoj Mein | Taarak Mehta Ka Ooltah Chasmah | Mon-Fri 8:30 PM","2019-11-03T12:00:52.000Z","UC6-F5tO8uklgE9Zy8IvbdFw","SAB TV","24","Click here to Subscribe to SAB TV Channel: https://www.youtube.com/user/sabtv?sub_confirmation=1Stay tuned to watch Taarak Mehta Ka Ooltah Chashmah on Monday - Friday at 8:30 PM, exclusively on SAB & SonyLIV.About Taarak Mehta Ka Ooltah Chashmah :-----------------------------------------------------------------------The show is inspired from the famous humorous column 'Duniya Ne Undha Chasma' written by the eminent Gujarati writer Mr. Tarak Mehta. This story evolves around happenings in Gokuldham Co-operative Society and covers topical issues which are socially relevant.The show predominantly - Promoolves around 'Jethalaal' (Dilip Joshi) who is an uneducated Gujarati businessman. Your 'Taarak Mehta' (Sailesh Lodha), is his neighbour. 'Jethalaal' finds a friend and philosopher in 'Taarak Mehta' and often goes to him for advice whenever he is in trouble. Jethalaal's family includes his simpleton wife 'Daya Ben' (Disha Wakani) and a mischievous son 'Tapu' (Bhavya Gandhi). Tapu is a menace and a constant source of trouble to all the members of Gokuldham. They have often warned 'Jethalaal' to reform 'Tapu' or else be prepared to leave the premises. Lost hopes of being heard by his son pushes Jethalaal' to call his father 'Champaklal' (Amit Bhatt) from the village. This was his great idea of leashing some control over the mischievous Tapu. The opposite happens and the grandfather joins hands with the grandson to make life a roller coaster troublesome ride for Jethalaal.------------------------------------------------------------------------------------------------More Useful Links : * Visit us at : http://www.sonyliv.com * Like us on Facebook : http://www.facebook.com/SonyLIV * Follow us on Twitter : http://www.twitter.com/SonyLIVAlso get Sony LIV app on your mobile * Google Play - https://play.google.com/store/apps/details?id=com.msmpl.livsportsphone * ITunes - https://itunes.apple.com/us/app/liv-sports/id879341352?ls=1&mt=8","19.04.11","tarak mehta all episodes-promo-all new episodes-sonyliv-reporter-dilip joshi-taarak mehta ka oolta chasma-hansraj hathi-tarak mehta ulta chasma-taarak mehta ka ooltah chashmah-tarak mehta episode-sabtv-latest episodes-sab tv-taarak mehta-hindi comedy show-hd-disha vakani-jethalal champaklal gada-bhide-tv show-setindia-indian comedy-popatlal tmkoc-tarak promo-tmkoc-tmkoc jethalal-Jethalal Aur Iyer Chale Bapuji Ki Khoj Meh","297313","1923","312","38","https://i.ytimg.com/vi/dtUFyLvdc6A/default.jpg","False","False"
"B4qzjtlTakA","‡§õ‡§† ‡§™‡•Ç‡§ú‡§æ Special I Non Stop Chhath Pooja Geet I Chhath Puja 2019 I Top Chhath Pooja Songs","2019-11-02T00:30:00.000Z","UCaayLD9i5x4MmIoVZxXSv_g","T-Series Bhakti Sagar","10","Subscribe: http://www.youtube.com/tseriesbhaktiAadit Manaila 00:00Uga Ho Surujdev Bhel Bhinsarva 5:23Beriya Ke Beri Tohe 11:15Ho Deenanath 15:18Marbo Re Sugwa Dhanukh 22:09Chanani Taane Chalale 28:57Baanjhi Kewdwa Dhaile Thaadh 36:06Asiya Puran Hoy 45:04Chaar Pahar Hum Jal Thal Sevila 49:35Kelwa Ke Paat Par 53:54Music Label: T-SeriesHit best Bhojpuri Chhath Songs sung by Anuradha Paudwal, Sharda Sinha, Devi and Kavita Paudwal. The Non Stop Chhath Pooja Geet 2019 Jukebox consists of superhit Chhath Pooja songs Aadit Manaila, Uga Ho Surujdev Bhel Bhinsarva, Beriya Ke Beri Tohe, Ho Deenanath, Marbo Re Sugwa Dhanukh, Chanani Taane Chalale, Baanjhi Kewdwa Dhaile Thaadh, Asiya Puran Hoy, Chaar Pahar Hum Jal Thal Sevila and Kelwa Ke Paat Par. Lyrics of the Chhath Pooja special songs are penned by Vinay Bihari, Sharda Sinha, Ashok Sheopuri, Janardan Pandey and Manoj Matalbi. Music of the Non Stop Chhath Pooja Songs is composed by  Surinder Kohli, Sharda Sinha and Ajay Prasanna. Check out a Special playlist of Bhojpur Chhath Songs here: https://www.youtube.com/playlist?list=PLyXHXSHxLqKwINk2RiDuKyEtEmYRLoeLE for more Bhojpuri Chhath songs, Anuradha Paudwal songs, Sharda Sinha songs, Vinay Bihari songs, Ashok Sheopuri songs, Manoj Matalbi songs and Chhath GeetChhath Pooja Geet: Aadit Manaila Singer: Anuradha Paudwal Music Director: Surinder Kohli Lyricist: Traditional Album: Chhath Pooja Ke GeetChhath Pooja Geet: Uga Ho Surujdev Bhel Bhinsarva Singer: Anuradha Paudwal Music Director: Surinder Kohli Lyricist: Vinay Bihari Album: Chhath Pooja Ke GeetChhath Pooja Geet: Beriya Ke Beri Tohe Singer: Anuradha Paudwal Music Director: Surinder Kohli Lyricist: Traditional Album: Chhath Pooja Ke GeetChhath Pooja Geet: Ho Deenanath Singer: Sharda Sinha Music Director: Sharda Sinha Lyricist: Sharda Sinha Album: Chhathi MaiyaChhath Pooja Geet: Marbo Re Sugwa Dhanukh Singer: Anuradha Paudwal Music Director: Surinder Kohli Lyricist: Traditional Album: Chhath MahimaChhath Pooja Geet: Chanani Taane Chalale Singer: Devi Music Director: Ajay Prasanna Lyricist: Ashok Sheopuri, Janardan Pandey, Manoj Matalbi,Traditional Album: Bahangi Chhath Maai Ke JaayChhath Pooja Geet: Baanjhi Kewdwa Dhaile Thaadh Singer: Sharda Sinha Music Director: Sharda Sinha Lyricist: Sharda Sinha Album: Chhathi MaiyaChhath Pooja Geet: Asiya Puran Hoy Singer: Kavita Paudwal Music Director: Surinder Kohli Lyricist: Traditional Album: Chhath Pooja Ke GeetChhath Pooja Geet: Chaar Pahar Hum Jal Thal Sevila Singer: Anuradha Paudwal Music Director: Surinder Kohli Lyricist: Traditional Album: Chhath MahimaChhath Pooja Geet: Kelwa Ke Paat Par Singer: Sharda Sinha Music Director: Sharda Sinha Lyricist: Sharda Sinha Album: Chhathi MaiyaIf You like the video don't forget to share with others & also share your views.Stay connected with us!!!‚ñ∫ Subscribe: http://www.youtube.com/tseriesbhakti‚ñ∫ Like us on Facebook: http://www.facebook.com/tseriesbhaktisagar‚ñ∫ Follow us on Twitter: https://twitter.com/tseriesbhaktiFor Spiritual Voice Alerts, Airtel subscribers Dial 589991 (toll free) To set popular Bhakti Dhun as your HelloTune, Airtel subscribers Dial 57878881","19.04.11","Ho Dinanath-kaanch-hi-baans-ke-bahangiya-anuradha paudwal-chhath pooja geet-chhath puja songs-chath pooja-chhat geet-chath songs-chhath poojan-bhojpuri devi songs-chath puja geet-chath pooja geet-banarasi-hit-best-bhojpuri devotional-T-Series Bhakti Sagar-mahua-bojpuri-bhojpuri chhath geet-top-Bhojpuri Devi Geet-sharda sinha-bojpuri chath-‡§≠‡§ú‡§®-‡§≠‡§ï‡•ç‡§§‡§ø-deepawali-hamaar bhojpuri-top Chhath-puja feet-Chhath Pooja special-chath pooja songs old-chatha song","2097002","15773","3396","1184","https://i.ytimg.com/vi/B4qzjtlTakA/default.jpg","False","False"
"WQ2aFAhfptA","STARBUCKS Wala Experience  - Stand Up Comedy by Appurv Gupta aka GuptaJi","2019-11-04T09:43:07.000Z","UCKgAaCGmyCRKgMZD0LBvMNA","Appurv Gupta","23","Best of GuptaJi ki ek aur pyaari comedy bit aapke hawale kar rha hu, Presenting my story in starbucks.Pyaar barsana Please. ----------------------------------------------------------------------Here is a good news - Touring my new show   KAAFI WILD HAI in INDIA  . Below you can check all citiesNov 08  - Kolkata - https://bit.ly/2MWft3VNov 09  - Delhi - https://bit.ly/2Jv9cdiNov 10  - Siliguri - https://bit.ly/31ZW5HmNov 17  - Hyderabad - https://bit.ly/2MWft3VNov 23  - Ahmedabad - https://bit.ly/2MWft3VNov 24  - Vadodara - https://bit.ly/2MWft3VNov 29  - Gurgaon - https://bit.ly/2N0Bcb4Dec 08  - NCR (TBD)Dec 13  - NCR (TBD)If you are on MAC, Dell, HP, Toshiba or on your personal computer, you can check booking link here: https://appurvgupta.com/timelineAustralia and UK Tour Coming soon.----------------------------------------------------------------------Thank You for watching Videos of Appurv Gupta aka GuptaJi.For LIVE SHOWS Booking, Email: teamguptaji@gmail.comIf Want to see more videos, Click here: https://goo.gl/rZA68k You are watching GuptaJi a.k.a Appurv Gupta ka STARBUCKS wala Experience.Venue and Production: Canvas Laugh Club, Gurgaon Edited by: Akshit Arora Written and Performed by: Appurv Gupta - GuptaJi Intro Music: Funk Down - MK2 https://youtu.be/SPN_SsgqlzcEnding Music - GuptaJi's Tune----------------------------------------------------------------------Website : http://appurvgupta.com/ Follow : Twitter: https://twitter.com/appurv_gupta Facebook: https://www.facebook.com/appurv.gupta Instagram: https://www.instagram.com/appurv20/ TikTok: http://vm.tiktok.com/RXCkV4/ - @appurvgupta Like : Facebook Fan Page: https://www.facebook.com/TheAppurvGupta/ Yahan tak padh ke agar aapne like,follow kia toh tahe dil se shukriya :) Love and Hugs Appurv Gupta-GuptaJiIndian Stand Up Comedianhttps://appurvgupta.com/","19.04.11","Comedian-Appurv Gupta-GuptaJi-Stand up comedy-comedian-comedianguptaji-Apoorv Gupta-Hotel-Towel-Samaan-StandUp Comedy-Comedy Videos-Canvas Laugh Club-Stand Up Videos-Gurgaon-Noida-Biryani-Maggi-Chai-Tinder-GuptaJi Ka Experience-Barber-Neend-Comdian-Gupta-Hotel Experience-Indian Stand Up Comedy-Agar aap ye padh rhe ho toh had chutio ho.-cookery show-tinder tale-ComedianGuptaJi-Breakfast-Comicstan-Amazon Prime-Netflix-comicstaan-starbucks-dell-hp-mac-toshiba","258209","17307","371","266","https://i.ytimg.com/vi/WQ2aFAhfptA/default.jpg","False","False"
"kotLdiDSwj4","Utkarsh Classes ‡§ï‡•Ä ‡§ê‡§§‡§ø‡§π‡§æ‡§∏‡§ø‡§ï ‡§™‡§π‡§≤ | ‡§ë‡§®‡§≤‡§æ‡§à‡§® ‡§®‡§ø‡§É‡§∂‡•Å‡§≤‡•ç‡§ï ‡§∂‡§ø‡§ï‡•ç‡§∑‡§æ ‡§™‡•ç‡§∞‡§æ‡§™‡•ç‡§§ ‡§ï‡§∞‡§®‡•á ‡§ï‡§æ ‡§∏‡•Å‡§®‡§π‡§∞‡§æ ‡§Ö‡§µ‡§∏‡§∞ | By Nirmal Sir","2019-11-03T16:04:16.000Z","UCLuBF4Xr1-BIpcpFFm7zp7w","UTKARSH CLASSES JODHPUR","27","‡§®‡§Æ‡§∏‡•ç‡§§‡•á‚Äö         ‡§â‡§§‡•ç‡§ï‡§∞‡•ç‡§∑ ‡§ï‡•ç‡§≤‡§æ‡§∏‡•á‡§∏ YouTube ‡§™‡§∞ ‡§®‡§ø‡§É‡§∂‡•Å‡§≤‡•ç‡§ï ‡§∂‡§ø‡§ï‡•ç‡§∑‡§æ ‡§â‡§™‡§≤‡§¨‡•ç‡§ß ‡§ï‡§∞‡§æ ‡§∞‡§π‡§æ ‡§π‡•à‚Äö ‡§ú‡•ã ‡§∞‡§æ‡§ú‡•ç‡§Ø ‡§∏‡•ç‡§§‡§∞ ‡§è‡§µ‡§Ç ‡§∞‡§æ‡§∑‡•ç‡§ü‡•ç‡§∞‡•Ä‡§Ø ‡§∏‡•ç‡§§‡§∞ ‡§ï‡•Ä ‡§∏‡§≠‡•Ä ‡§™‡•ç‡§∞‡§§‡§ø‡§Ø‡•ã‡§ó‡•Ä ‡§™‡§∞‡•Ä‡§ï‡•ç‡§∑‡§æ‡§ì‡§Ç ‡§ï‡•á ‡§≤‡§ø‡§è ‡§Ö‡§§‡•ç‡§Ø‡§®‡•ç‡§§ ‡§â‡§™‡§Ø‡•ã‡§ó‡•Ä ‡§π‡•à‡•§ ‡§≠‡§æ‡§∞‡§§ ‡§ï‡•á ‡§™‡•ç‡§∞‡§§‡§ø‡§∑‡•ç‡§†‡§ø‡§§ ‡§µ‡§ø‡§∑‡§Ø ‡§µ‡§ø‡§∂‡•á‡§∑‡§ú‡•ç‡§û‡•ã‡§Ç ‡§¶‡•ç‡§µ‡§æ‡§∞‡§æ ‡§Ö‡§ß‡•ç‡§Ø‡§æ‡§™‡§® ‡§ï‡§∞‡§µ‡§æ‡§Ø‡§æ ‡§ú‡§æ‡§è‡§ó‡§æ‚Äö ‡§ú‡•ã YouTube ‡§ï‡•á ‡§á‡§§‡§ø‡§π‡§æ‡§∏ ‡§Æ‡•á‡§Ç ‡§™‡§π‡§≤‡•Ä ‡§¨‡§æ‡§∞ ‡§π‡•ã‡§®‡•á ‡§ú‡§æ ‡§∞‡§π‡§æ ‡§π‡•à‡•§           Utkarsh Classes ‡§á‡§∏ ‡§®‡§ø‡§É‡§∂‡•Å‡§≤‡•ç‡§ï ‡§∂‡§ø‡§ï‡•ç‡§∑‡§æ ‡§Ø‡•ã‡§ú‡§®‡§æ ‡§ï‡•á ‡§§‡§π‡§§ ‡§Ö‡§≠‡•ç‡§Ø‡§∞‡•ç‡§•‡§ø‡§Ø‡•ã‡§Ç ‡§ï‡•ã ‡§∂‡§ø‡§ï‡•ç‡§∑‡§æ ‡§ï‡§æ ‡§≤‡§æ‡§≠ ‡§Æ‡§ø‡§≤ ‡§™‡§æ‡§è‡§ó‡§æ‡•§ ‡§á‡§∏ ‡§ë‡§®‡§≤‡§æ‡§à‡§® YouTube ‡§®‡§ø‡§É‡§∂‡•Å‡§≤‡•ç‡§ï ‡§∂‡§ø‡§ï‡•ç‡§∑‡§æ ‡§ß‡§Æ‡§æ‡§ï‡•á ‡§ï‡§æ ‡§™‡§ø‡§ü‡§æ‡§∞‡§æ ‡§ñ‡•ã‡§≤‡§®‡•á ‡§ï‡•á ‡§≤‡§ø‡§è 3 ‡§®‡§µ‡§Æ‡•ç‡§¨‡§∞‚Äö 2019 ‡§ï‡•ã ‡§∞‡§æ‡§§‡•ç‡§∞‡§ø 8 ‡§¨‡§ú‡•á ‡§®‡§ø‡§∞‡•ç‡§Æ‡§≤ ‡§∏‡§∞ ‡§Ü‡§™‡§ï‡•á ‡§∏‡§Æ‡•ç‡§Æ‡•Å‡§ñ ‡§≤‡§æ‡§á‡§µ ‡§Ü ‡§∞‡§π‡•á ‡§π‡•à‡•§‡§â‡§§‡•ç‡§ï‡§∞‡•ç‡§∑ ‡§ï‡•ç‡§≤‡§æ‡§∏‡•á‡§∏ ‡§ï‡•á ‡§®‡§Ø‡•á ‡§Ø‡•Ç‡§ü‡•ç‡§Ø‡•Ç‡§¨ ‡§ö‡•à‡§®‡§≤ Utkarsh Commerce Classes ‡§ï‡•ã Subscribe ‡§ï‡§∞‡§®‡•á ‡§ï‡•á ‡§≤‡§ø‡§è ‡§ï‡•ç‡§≤‡§ø‡§ï ‡§ï‡§∞‡•á‡§Ç‡§É https://www.youtube.com/channel/UCnVqIqM6FsORHBXxwn9CrPA‡§á‡§∏ ‡§≤‡§æ‡§á‡§µ ‡§µ‡•Ä‡§°‡§ø‡§Ø‡•ã ‡§Æ‡•á‡§Ç ‡§∏‡§∞ ‡§¶‡•ç‡§µ‡§æ‡§∞‡§æ ‡§¨‡§§‡§æ‡§à ‡§ó‡§à ‡§∏‡•ç‡§≤‡§æ‡§á‡§°‡§º‡•ã‡§Ç ‡§ï‡•ã PDF ‡§∞‡•Ç‡§™ ‡§Æ‡•á‡§Ç ‡§™‡•ç‡§∞‡§æ‡§™‡•ç‡§§ ‡§ï‡§∞‡§®‡•á ‡§ï‡•á ‡§≤‡§ø‡§è ‡§ï‡•ç‡§≤‡§ø‡§ï ‡§ï‡§∞‡•á‡§Ç‡§É‚Äì https://t.me/utkarshjodhpur/3043‚è∫üî¥Follow us:-üëáüëáUtkarsh App:- http://bit.ly/2K27grQUtkarsh in English Youtube Channel:- https://bit.ly/2SNG7gLHindi Telegram:- https://t.me/utkarshjodhpurEnglish Telegram:- https://t.me/UTKARSH_in_ENGLISHFacebook Page:- https://www.facebook.com/theutkarshcl... Twitter:- https://bit.ly/2YwbyBpInstagram:- https://instagram.com/utkarshclasses?... ‚è∫üî¥ Important Playlists :-üëáüëáDaily Currant Affairs :- https://bit.ly/2YxKqlxReasoning Tricks By Saket Sir:- https://bit.ly/2Mn6TvbMaths Tricks By Saket Sir:- https://bit.ly/332Tq1l General Science By Saket Sir:- https://bit.ly/2GEx6BQ Political Theory & Thoughts:- https://bit.ly/2YdWrgK Time & Work Maths Tricks By Akshay Sir:- https://bit.ly/2KigFMC RRB NTPC-2019 Indian Polity By Preeti Ma'am:- https://bit.ly/2SObI1L Hindi Grammar by Ashish Sir:- https://bit.ly/2GAO7gi English Grammar For All Competitive Exam By Ravi Morya Sir:- https://bit.ly/2OtDFgL English Vocabulary By Ravi Morya Sir:- https://bit.ly/2LOh905#Utkarsh_Classes #Utkarshlive #historical","19.04.11","utkarsh classes jodhpur-utkarsh classes-utkarsh-best coaching center in rajasthan-best institute for RAS-utkarsh live classes-nirmal sir-nirmal sir utkarsh-utkarsh live-history in utkarsh-commerce in utkarsh-science in utkarsh-sanskrit in utkarsh-english in utkarsh-current gk in utkarsh-current affairs in utkarsh-utkarsh current-daily current utkarsh-free education-patwar-maths-constable-historical moment-1st grade classes-gk1st paper-school lecturer","198923","21640","396","1254","https://i.ytimg.com/vi/kotLdiDSwj4/default.jpg","False","False"
"RP3hNms2QOM","Lakshmi Stores - Episode 255 | 2nd Nov 19 | Sun TV Serial | Tamil Serial","2019-11-04T11:00:03.000Z","UCBnxEdpoZwstJqC1yZpOjRA","Sun TV","24","Watch the Popular episode of popular Tamil Serial #LakshmiStores that airs on Sun TV.Lakshmi Stores is a family drama serial on SunTV.  Mahalingam is the family‚Äôs patriarch and founder of the traditional textiles showroom, Lakshmi Stores,  but guilt stricken with a past secret. His daughter-in-law, Mahalakshmi, nurtures the family and the close-knit staff with her selfless love. But she gets disowned by her husband, when she seeks justice for Bhakiyalakshmi, a kind-hearted young woman and earns the wrath of a vengeful MP Shakunthaladevi, as well. Now Mahalakshmi is faced with an uphill task to save Lakshmi stores and reunite with her family.üëâ Don't forget to SUBSCRIBE to Sun TV YouTube channel - http://bit.ly/suntvsubscribe--------------------------------------------------Click to watch Full Episodes of Top Tamil serials airing on Sun TV:Lakshmi Stores - http://bit.ly/2M2OIumKanmani - http://bit.ly/30AWwI0Arundhathi - http://bit.ly/2Gg5a6OTamil Selvi - http://bit.ly/32vUmv2Pandavar Illam - http://bit.ly/2xS038CNandhini Re-release Full episode - http://bit.ly/2ZZR8y3For Tamil Music from Sun Music - http://bit.ly/2YS5eBiFor Malayalam Serials from Surya TV  - http://bit.ly/2LWpluw For Telugu Serials from Gemini TV - http://bit.ly/2SkUadjFor Kannada Serials from Udaya TV - http://bit.ly/2XSQXD1For Comedy Clips, Comedy Shows and Comedy Scenes from Adithya TV - http://bit.ly/2K6VaiZFor Movie related videos from SunNXT - http://bit.ly/2H2R0Gz--------------------------------------------------Watch all Sun TV Programs also on Sun NXT. Watch the latest movies in DOLBY DIGITAL PLUS, 4000+ Movies in HD, 40+ Live TV Channels, TV Shows, TV Serials, Music Videos, Comedy and exclusives on Sun NXT at anywhere anytime.Download SunNXT here: Android: http://bit.ly/SunNxtAdroidiOS: India - http://bit.ly/sunNXTiOS Rest of the World - http://bit.ly/ussunnxtWatch on the web - https://www.sunnxt.com/--------------------------------------------------Follow Us for More Latest Updates: Facebook: https://www.facebook.com/SunTVTwitter: https://twitter.com/SunTVInstagram: https://www.instagram.com/suntv--------------------------------------------------#SunTVSerial #SunNXT #SunTV #SunTVProgram#SunTVPromos #LakshmiStoresSerial #KanmaniSerial #ArundhathiSerial #TamilSelviSerial #AgniNatchathiramSerial #PandavarIllamSerial #TamilSerials --------------------------------------------------","19.04.11","Lakshmi Stores-Lakshmi Stores serial-Lakshmi Stores today-Lakshmi Stores serial today-Lakshmi Stores 2nd Nov-Lakshmi Stores 2nd Nov 2019\-Lakshmi Stores sun tv serial-Lakshmi Stores tamil serial-Sun TV Serial-Sun TV Serials-sun tv tamil serial-SunTV Serial Today-sun tv serial today-Sun tv full episodes-Sun tv tamil full episodes-Sun tv tamil shows-sun tv shows-Tamil Serials-tamil serials sun tv-Tamil Serial episodes","327675","3106","324","142","https://i.ytimg.com/vi/RP3hNms2QOM/default.jpg","False","False"
"wUysOnM51ME","Live, IndvsBAN: T20 ‡§Æ‡•á‡§Ç ‡§≠‡§æ‡§∞‡§§ ‡§ï‡•á ‡§ñ‡§ø‡§≤‡§æ‡§´ ‡§¨‡§æ‡§Ç‡§ó‡•ç‡§≤‡§æ‡§¶‡•á‡§∂ ‡§ï‡•Ä ‡§™‡§π‡§≤‡•Ä ‡§ú‡•Ä‡§§, 7 ‡§µ‡§ø‡§ï‡•á‡§ü ‡§∏‡•á ‡§π‡§æ‡§∞‡•Ä ‡§ü‡•Ä‡§Æ ‡§á‡§Ç‡§°‡§ø‡§Ø‡§æ | KOTLA T20","2019-11-03T17:49:12.000Z","UCVXCo0W9pk2dDkEBNLhTt7A","Sports Tak","17","Mushfiqur Rahim singlehandedly fired Bangladesh to their maiden T20 win over India with an unbeaten 60, choking the fancied hosts in the smog-hit series opener here on Sunday..‡§ï‡•É‡§™‡§Ø‡§æ ‡§á‡§∏ ‡§≤‡§ø‡§Ç‡§ï ‡§™‡§∞ ‡§ï‡•ç‡§≤‡§ø‡§ï ‡§ï‡§∞‡•á‡§Ç ‡§î‡§∞ TAK ‡§ê‡§™ ‡§°‡§æ‡§â‡§®‡§≤‡•ã‡§° ‡§ï‡§∞‡•á‡§Ç https://bit.ly/33A6ScrFor Advertising queries, please give us a missed call on +917827000333 Or mail us at mobiletak@aajtak.comIf you want to buy any product related to sports, you can visit our storefront on Amazon.in Click on the link given below to visit Sports Tak's store front. https://www.amazon.in/shop/sportstak----------About Sports Tak: ‡§∏‡•ç‡§™‡•ã‡§∞‡•ç‡§ü‡•ç‡§∏ ‡§§‡§ï (Sports Tak) ‡§ñ‡•á‡§≤ ‡§ï‡•Ä ‡§¶‡•Å‡§®‡§ø‡§Ø‡§æ ‡§ï‡•Ä ‡§π‡§∞ ‡§õ‡•ã‡§ü‡•Ä-‡§¨‡§°‡§º‡•Ä ‡§ñ‡§¨‡§∞ ‡§Ü‡§™‡§ï‡•á ‡§≤‡§ø‡§è ‡§≤‡§æ‡§§‡§æ ‡§π‡•à‡•§ ‡§∏‡•ç‡§™‡•ã‡§∞‡•ç‡§ü‡•ç‡§∏ You Tube ‡§™‡§∞ ‡§Ü‡§™‡§ï‡•ã ‡§Æ‡§ø‡§≤‡•á‡§ó‡•Ä ‡§π‡§∞ ‡§¨‡•ç‡§∞‡•á‡§ï‡§ø‡§Ç‡§ó ‡§®‡•ç‡§Ø‡•Ç‡§ú, ‡§µ‡§ø‡§∂‡•ç‡§≤‡•á‡§∂‡§£ ‡§î‡§∞ ‡§¨‡§°‡§º‡•á-‡§¨‡§°‡§º‡•á ‡§ñ‡§ø‡§≤‡§æ‡§°‡§º‡§ø‡§Ø‡•ã‡§Ç ‡§ï‡•á Exclusive ‡§á‡§Ç‡§ü‡§∞‡§µ‡•ç‡§Ø‡•Ç‡•§ ‡§∏‡§æ‡§• ‡§π‡•Ä ‡§∏‡•Å‡§®‡•Ä‡§≤ ‡§ó‡§æ‡§µ‡§∏‡•ç‡§ï‡§∞, ‡§π‡§∞‡§≠‡§ú‡§® ‡§∏‡§ø‡§Ç‡§π, ‡§Æ‡•ã‡§π‡§Æ‡•ç‡§Æ‡§¶ ‡§Ö‡§ú‡§π‡§∞‡•Ç‡§¶‡•ç‡§¶‡•Ä‡§®, ‡§Æ‡§¶‡§®‡§≤‡§æ‡§≤, ‡§Ü‡§ï‡§æ‡§∂ ‡§ö‡•ã‡§™‡§°‡§º‡§æ ‡§î‡§∞ ‡§®‡§ø‡§ñ‡§ø‡§≤ ‡§ö‡•ã‡§™‡§°‡§º‡§æ ‡§ú‡•à‡§∏‡•á ‡§ï‡•ç‡§∞‡§ø‡§ï‡•á‡§ü ‡§¶‡§ø‡§ó‡•ç‡§ó‡§ú ‡§Ü‡§™‡§ï‡•á ‡§≤‡§ø‡§è ‡§ñ‡•á‡§≤ ‡§™‡§∞ ‡§ö‡§∞‡•ç‡§ö‡§æ ‡§ï‡§∞‡•á‡§Ç‡§ó‡•á ‡§î‡§∞ ‡§Ü‡§™‡§ï‡•á ‡§∏‡§µ‡§æ‡§≤‡•ã‡§Ç ‡§ï‡•á ‡§ú‡§µ‡§æ‡§¨ ‡§≠‡•Ä ‡§¶‡•á‡§Ç‡§ó‡•á‡•§ ‡§ñ‡•á‡§≤ ‡§ú‡§ó‡§§ ‡§ï‡•Ä ‡§π‡§∞ ‡§ñ‡§¨‡§∞ ‡§∏‡•á ‡§∞‡•Ç‡§¨‡§∞‡•Ç ‡§π‡•ã‡§®‡•á ‡§ï‡•á ‡§≤‡§ø‡§è ‡§∏‡§¨‡•ç‡§∏‡§ï‡•ç‡§∞‡§æ‡§á‡§¨/Subscribe ‡§ï‡•Ä‡§ú‡§ø‡§è ‡§∏‡•ç‡§™‡•ã‡§∞‡•ç‡§ü‡•ç‡§∏ ‡§§‡§ï (Sports Tak)‡•§  You can follow ‡§∏‡•ç‡§™‡•ã‡§∞‡•ç‡§ü‡•ç‡§∏ ‡§§‡§ï (Sports Tak) on: Sports Tak Youtube: https://www.youtube.com/sportstakSports Tak Facebook: https://www.facebook.com/sportstak/Sports Tak Twitter: https://twitter.com/sports_takSportsTak Instagram: https://www.instagram.com/sportstakofficial/Sports Tak, as the name suggests, is all about sports. You can find all the latest sports news from around the world here. Not just that, we bring to you exclusive interviews, live chats with players - past and present - and also the top journalists from sports journalism. It is an exclusive platform for sports news updates for the fans, not just from the sub-continent but the world over","19.04.11","sports tak-‚Äúsportstak‚Äù-‚Äúsports‚Äù-sports events-‚Äúcricket‚Äù-‚Äúsports-videos‚Äù-interviews‚Äù-ind vs ban t20-india vs Bangladesh T20-ind vs ban-india vs Bangladesh-ind vs ban T20-ind vs ban 1st T20I-india vs Bangladesh delhi t20-arun jaitley stadium-Rohit Sharma-Krunal Pandya-Deepak Chahr-Khaleel Ahmad-Sports News-Cricket News-Cricket Update","546400","12204","1501","3407","https://i.ytimg.com/vi/wUysOnM51ME/default.jpg","False","False"
"VN3KKH6CDYY","Sunday Suspense | Captain Thompson-er Guptadhan | Sourav Mukhopadhyay | Mirchi Bangla","2019-11-03T07:30:12.000Z","UCmzj6hXrPZ_AwIZ8lgo-HuQ","Mirchi Bangla","24","'Pirates of The Carribean' ‡¶ß‡¶æ‡¶Å‡¶ö‡ßá‡¶∞ ‡¶Æ‡¶ú‡¶æ ‡¶è‡¶¨‡¶æ‡¶∞ ‡¶∏‡¶æ‡¶®‡¶°‡ßá ‡¶∏‡¶æ‡¶∏‡¶™‡ßá‡¶®‡ßç‡¶∏‡ßá!Sunday Suspense presents Sourav Mukhopadhyay's 'Captain Thompson-er Guptadhan' on Sunday Suspense.Broadcast date - 03.11.2019.Introduction : AgniNarration, Diaz, Cortez, Benitto, Frank Keating, Soldier chief, cleaner guy & warrior : DeepCaptain Thompson : MirBallvardy - PushpalEnglish warrior & digger : SomakHunters : Sayak & SaikatOther characters : Atri, Amartya, Deep, Somak, Samrat, Richard & Sudarshan.Episode direction : Deep & GodhuliSound design : Soumo & Shubho (Crostec)Poster design : AsteriscEnjoy and stay connected with us!!Subscribe to us :http://bit.ly/SubscribeMirchiBanglaLike us on Facebookhttps://www.facebook.com/MirchiBangla/Follow us on Instagramhttps://www.instagram.com/mirchibangla/","19.04.11","radio mirchi-sunday suspense-mirchi bangla-mirchi deep-mirchi agni-mirchi somak-sunday suspense new-latest sunday suspense episode-sunday suspense bhuter golpo-mir afsar ali movie-latest hoichoi episodes-bong guy latest series-raaz full movie online-guptodhoner sondhane movie-guptodhoner sondhane full movie-durgeshgorer guptodhon-captain tompsoner guptodhon-sourav mukhopadhyay-treasure hunt movies-bengali adventure film-bengali adventure movie 2019","286045","11908","381","1556","https://i.ytimg.com/vi/VN3KKH6CDYY/default.jpg","False","False"
"yBjwaAWBSig","iPHONE 11 PRANK | Rimorav Vlogs","2019-11-04T16:00:01.000Z","UCaqULAbiq-6ZRlKmx0Uv_Cw","Rimorav Vlogs","24","Watch iPHONE 11 PRANKFollow us on Instagram Rishi : https://instagram.com/officialrishidev?igshid=rtn7tl1l19qpDiksha : https://instagram.com/dikshuuu?igshid=mqlhvchvm3qjSanjay : https://instagram.com/sanjayofficial14?igshid=zdloww5f2e5w","19.04.11","rimorav vlogs-rimorav-iPhone 11-iPhone 11 pro-iPhone 11 pro max-rishi dev-ri vlogs","283038","40339","721","1704","https://i.ytimg.com/vi/yBjwaAWBSig/default.jpg","False","False"
"jZjdINDlstk","Hair Cut Alaparaigal #Nakkalites","2019-11-02T13:30:11.000Z","UCiPmhfdCL06cSVTXKabF0Zg","Nakkalites","23","DirectionBoopalanScriptKrishnakanth NCinematographySujithEditingVigneshSound DesignVikramanLive SoundAniruthAsst.DirectionGomathi ShankarVignesh AruchamyAsst.cinematographyArunBarathProduction ManagerMuthamizhKavi JSScript HeadPrasanna palachandranCreative HeadRajeshwarCastBrindha RengarajanShree AarthiLeni SherlinManoj BeadzShivan MoorthiKavi JSDinesh KRChellaThoumasManickamMrithul ArjinSarvajithDubbingShanmugamVigneshJothiVikramanThanks ToNew Mahesh HairlinesProduced ByErumbugal Network","19.04.11","Nakkalites-Nakkalites latest-Nakkalites All Episodes-#Nakkalites-Hair Cut Alaparaigal-Alaparaigal-nakkalites channel-tamil creators-nakkalites new video-alaparaigal-nakkalites all episodes-nakkalites-nakkalites latest-nakkalites web series-tamil diwali comedy-#nakkalites-youtube creators-crackers-Hair Cut-tamil comedy-haircut comedy video-nakalities-comedy video-haircut-hair cutting boys-hair cutting-hairstyle-hair-comedy series-haircut style","1070978","50881","2477","1768","https://i.ytimg.com/vi/jZjdINDlstk/default.jpg","False","False"
"dzsSc9y0Eac","‡§ï‡•ç‡§Ø‡§æ ‡§Æ‡§π‡§æ‡§∞‡§æ‡§∑‡•ç‡§ü‡•ç‡§∞ ‡§Æ‡•á‡§Ç ‡§≤‡§ó‡•á‡§ó‡§æ ‡§∞‡§æ‡§∑‡•ç‡§ü‡•ç‡§∞‡§™‡§§‡§ø ‡§∂‡§æ‡§∏‡§® ? ‡§¶‡•á‡§ñ‡§ø‡§è Dangal With Rohit Sardana","2019-11-04T13:31:01.000Z","UCt4t-jeY85JegMlZ-E5UWtA","Aaj Tak","25","‡§Æ‡§π‡§æ‡§∞‡§æ‡§∑‡•ç‡§ü‡•ç‡§∞ ‡§Æ‡•á‡§Ç ‡§∏‡§∞‡§ï‡§æ‡§∞ ‡§¨‡§®‡§æ‡§®‡•á ‡§ï‡§æ ‡§™‡•á‡§Ç‡§ö ‡§Ö‡§≠‡•Ä ‡§∏‡•Å‡§≤‡§ù ‡§®‡§π‡•Ä‡§Ç ‡§™‡§æ‡§Ø‡§æ ‡§π‡•à. ‡§ê‡§∏‡•á ‡§Æ‡•á‡§Ç ‡§Ö‡§¨ ‡§á‡§∏‡§Æ‡•á‡§Ç ‡§¶‡§ø‡§≤‡•ç‡§≤‡•Ä ‡§ï‡§æ ‡§π‡§∏‡•ç‡§§‡§æ‡§ï‡•ç‡§∑‡•á‡§™ ‡§≠‡•Ä ‡§∏‡§æ‡§Æ‡§®‡•á ‡§Ü ‡§∞‡§π‡§æ ‡§π‡•à. ‡§´‡§°‡§£‡§µ‡•Ä‡§∏ ‡§¶‡§ø‡§≤‡•ç‡§≤‡•Ä ‡§Æ‡•á‡§Ç ‡§Ö‡§Æ‡§ø‡§§ ‡§∂‡§æ‡§π ‡§∏‡•á ‡§Æ‡•Å‡§≤‡§æ‡§ï‡§æ‡§§ ‡§ï‡•Ä. ‡§µ‡§π‡•Ä‡§Ç ‡§∂‡§∞‡§¶ ‡§™‡§µ‡§æ‡§∞ ‡§∏‡•ã‡§®‡§ø‡§Ø‡§æ ‡§ó‡§æ‡§Ç‡§ß‡•Ä ‡§∏‡•á ‡§Æ‡•Å‡§≤‡§æ‡§ï‡§æ‡§§ ‡§ï‡§∞‡•á‡§Ç‡§ó‡•á. ‡§µ‡§π‡•Ä‡§Ç ‡§∂‡§ø‡§µ‡§∏‡•á‡§®‡§æ ‡§ï‡•á ‡§∏‡§Ç‡§ú‡§Ø ‡§∞‡§æ‡§â‡§§ ‡§®‡•á ‡§∞‡§æ‡§ú‡•ç‡§Ø‡§™‡§æ‡§≤ ‡§∏‡•á ‡§Æ‡•Å‡§≤‡§æ‡§ï‡§æ‡§§ ‡§ï‡•Ä. ‡§∏‡§∞‡§ï‡§æ‡§∞ ‡§ï‡§æ ‡§ï‡§æ‡§∞‡•ç‡§Ø‡§ï‡§æ‡§≤ 9 ‡§®‡§µ‡§Ç‡§¨‡§∞ ‡§ï‡•ã ‡§™‡•Ç‡§∞‡•Ä ‡§π‡•ã ‡§∞‡§π‡•Ä ‡§π‡•à. ‡§ê‡§∏‡•á ‡§Æ‡•á‡§Ç ‡§ï‡•ç‡§Ø‡§æ ‡§â‡§∏ ‡§∏‡§Æ‡§Ø ‡§§‡§ï ‡§∏‡§¨ ‡§†‡•Ä‡§ï ‡§π‡•ã ‡§ú‡§æ‡§è‡§ó‡§æ.  ‡§ú‡§ø‡§∏‡§ï‡•á ‡§¨‡§æ‡§¶ ‡§ï‡•ç‡§Ø‡§æ ‡§ê‡§∏‡§æ ‡§≠‡•Ä ‡§π‡•ã ‡§∏‡§ï‡§§‡§æ ‡§π‡•à ‡§ï‡§ø ‡§∏‡§∞‡§ï‡§æ‡§∞ ‡§®‡§æ ‡§¨‡§®‡•á ‡§î‡§∞ ‡§∞‡§æ‡§∑‡•ç‡§ü‡•ç‡§∞‡§™‡§§‡§ø ‡§∂‡§æ‡§∏‡§® ‡§≤‡§æ‡§ó‡•Ç ‡§π‡•ã. ‡§ê‡§∏‡•á ‡§Æ‡•á‡§Ç ‡§Ü‡§ú ‡§á‡§∏‡•Ä ‡§™‡§∞ ‡§¶‡§ø‡§®‡§≠‡§∞ ‡§ï‡•Ä ‡§∏‡§¨‡§∏‡•á ‡§¨‡§°‡§º‡•Ä ‡§ö‡§∞‡•ç‡§ö‡§æ Dangal With Rohit Sardana#DangalAajTak  #DangalWithRohitSardana  #MaharashtraPolitics‡§Ü‡§ú‡§§‡§ï ‡§ï‡•á ‡§∏‡§æ‡§• ‡§¶‡•á‡§ñ‡§ø‡§Ø‡•á ‡§¶‡•á‡§∂-‡§µ‡§ø‡§¶‡•á‡§∂ ‡§ï‡•Ä ‡§∏‡§≠‡•Ä ‡§Æ‡§π‡§§‡•ç‡§µ‡§™‡•Ç‡§∞‡•ç‡§£ ‡§î‡§∞ ‡§¨‡•ú‡•Ä ‡§ñ‡§¨‡§∞‡•á‡§Ç | Watch the latest Hindi news Live on the World's Most Subscribed  News Channel on YouTube. #AajTakLive #Aajtak #HindiNews-------------------------------------------------------------------------------------------------------------AajTak Live TV | Aaj Tak | Hindi News | Aaj Tak News Today | ‡§Ü‡§ú ‡§§‡§ï ‡§≤‡§æ‡§á‡§µAaj Tak News Channel: ‡§Ü‡§ú ‡§§‡§ï ‡§≠‡§æ‡§∞‡§§ ‡§ï‡§æ ‡§∏‡§∞‡•ç‡§µ‡§∂‡•ç‡§∞‡•á‡§∑‡•ç‡§† ‡§π‡§ø‡§Ç‡§¶‡•Ä ‡§®‡•ç‚Äç‡§Ø‡•Ç‡§ú ‡§ö‡•à‡§®‡§≤ ‡§π‡•à ‡•§ ‡§Ü‡§ú ‡§§‡§ï ‡§®‡•ç‚Äç‡§Ø‡•Ç‡§ú ‡§ö‡•à‡§®‡§≤ ‡§∞‡§æ‡§ú‡§®‡•Ä‡§§‡§ø, ‡§Æ‡§®‡•ã‡§∞‡§Ç‡§ú‡§®, ‡§¨‡•â‡§≤‡•Ä‡§µ‡•Å‡§°, ‡§µ‡•ç‡§Ø‡§æ‡§™‡§æ‡§∞ ‡§î‡§∞ ‡§ñ‡•á‡§≤ ‡§Æ‡•á‡§Ç ‡§®‡§µ‡•Ä‡§®‡§§‡§Æ ‡§∏‡§Æ‡§æ‡§ö‡§æ‡§∞‡•ã‡§Ç ‡§ï‡•ã ‡§∂‡§æ‡§Æ‡§ø‡§≤ ‡§ï‡§∞‡§§‡§æ ‡§π‡•à‡•§ ‡§Ü‡§ú ‡§§‡§ï ‡§®‡•ç‚Äç‡§Ø‡•Ç‡§ú ‡§ö‡•à‡§®‡§≤ ‡§ï‡•Ä ‡§≤‡§æ‡§á‡§µ ‡§ñ‡§¨‡§∞‡•á‡§Ç ‡§è‡§µ‡§Ç ‡§¨‡•ç‡§∞‡•á‡§ï‡§ø‡§Ç‡§ó ‡§®‡•ç‡§Ø‡•Ç‡§ú ‡§ï‡•á ‡§≤‡§ø‡§è ‡§¨‡§®‡•á ‡§∞‡§π‡•á‡§Ç ‡•§ Aaj Tak is India's best Hindi News Channel. Aaj Tak news channel covers the latest news in politics, entertainment, Bollywood, business and sports. Stay tuned for all the breaking news in Hindi! Download India‚Äôs No. 1 Hindi News Mobile App: https://aajtak.app.link/QFAp3ZaHmQSubscribe To Our Channel: https://tinyurl.com/y3e8kduyOfficial website: https://aajtak.intoday.in/ Like us on Facebook http://www.facebook.com/aajtak Follow us on Twitter http://twitter.com/aajtak Subscribe to our other network channels: The Lallantop https://www.youtube.com/c/thelallantop India Today: http://www.youtube.com/channel/UCYPvA... SoSorry: https://www.youtube.com/user/sosorryp... Tez: http://www.youtube.com/user/teztvnews Dilli Aajtak: http://www.youtube.com/user/DilliAajtak","19.04.11","Dangal Aaj Tak-Dangal With Rohit Sardana-Dangal Debate On Maharashtra Politics-Debate On MaHarashtra Politics-BJP Shivsena Gatbandhan-aaj tak news-aaj tak live news-aaj tak hindi news-aaj tak news video-aaj tak videos-aaj tak-aaj tak live-aajtak channel news-latest news-hindi news-news video-breaking news in hindi-rohit sardana-Anjana Om Kashyap-Sweta Singh-aaj ka taja samachar","222558","1792","463","355","https://i.ytimg.com/vi/dzsSc9y0Eac/default.jpg","False","False"
"yyxRFc2Mj1o","Tara Tarini | Full Ep 621 | 2nd Nov 2019 | Odia Serial ‚Äì TarangTV","2019-11-03T15:30:02.000Z","UCnm5DH0oJndtA-6J10_jIEw","Tarang TV","24","Tarini is living in a small town with one of her daughters, Tara and working as a physical trainer to young girls/kids. On the other hand, Rupam now owns a hospital, which is partially owned by him and partially by a big businessman/investor. Kanika now holds a strong position in the household after Uma and Maya‚Äôs demise. The story revolves around baby Tarini who is eagerly waiting for love of all & baby Tara giving lessons to the criminals.Will Tara come to know that her other child is still alive? Will they reunite?Will baby Tara ever come to know about her father? Will Roopam and Tara ever reunite? What will happen when baby Tara and baby Tarini come to know how they are connected?Monday-Saturday at 9 p.m. only on Tarang TV.SUBSCRIBE to TarangTV channel for more Odia Serials, songs  and movie videoshttps://goo.gl/QgkQLb Like us on Facebookhttps://www.facebook.com/tarangtv Circle on G+ https://goo.gl/ArUUGwFollow us on Twitterhttps://twitter.com/tarangtvodishaFollow us on Instagramhttps://www.instagram.com/tarangtv/Visit our website for further details: www.tarangtv.in#TaraTarini #TarangTVSerial #OdiaSerial #LipiMohapatra","19.04.11","tarang-tarang tv-tarang tv online-tarang tv serial-odia tarang tv serial-tarang tv show-taranga channel-tarang tv channel-odia tarang channel-odia serial-odia serial video-odia channel-odia tv channel-odia tv show-odia tv","462309","3004","505","121","https://i.ytimg.com/vi/yyxRFc2Mj1o/default.jpg","False","False"
"Qy6R8AofUQQ","TVF Shots - Babuji Daatenge","2019-11-04T06:00:47.000Z","UCNJcSUSzUeFm8W9P7UUlSeQ","The Viral Fever","24","We know a lot of homes where the Babuji's word is the law of the house. But what if Babuji's law goes against his own interests? Watch one such breathless adventure in Babuji's life. #TVFShotsCredits:Creative Director: Anant Singh 'Bhaatu'Channel Producer: Shreyansh PandeyDirected by: Amir MusannaWritten by: Olivier ThomasCo-Written by: TVF Qtiyapa TeamCreative Producer: Olivier ThomasDOP: Jerin PaulEditor: Arunava ChaudhuriProduction Design: Sarrah YadavSupervising Producer: Shivani SinhaLine Producer: Uteja SharmaProduction Manager: Niharika RathodChief Assistant Director: Vinit SamelCostume Stylist: Prachi NikhraAssistant Directors: Ambuj Gupta, Dibyendu Dev SharmaColor Graded By: Jerin PaulArt Assistants: Ayush KulkarniPost Production Supervisor: Garvit JanshaliMusic: Deeptanshu MokashiAssistant DOP: Aditya ShubhamGraphics: Anshuman Singh, Madhuri RathiSync Sound: Rajesh PradhanProduction Executive: Dinesh RawatHead of Production: Arun KumarBrand Manager: Ankit Raj BachchanAssociate Brand Manager: Chirag ChitlangiaThumbnail and Creatives: Darshit GadaSound Attendant: Roushan Kumar SinghMarketing Team: Nikhil Sidhwani, Ritika Rusia, Radhika VijayHead Of Release: Sean PereiraFinance: Manish Saini, Nikita Joshi, Rupesh Kumar BhosaleLegal: Megha GuptaOffice Admin: Avadhraj YadavLocation: TVF Aarey BungalowCast: Abhishek Jha, Badri Chavan, Jasmeet Singh Bhatia, Bhavini Soni, Madhuri Kumar, Prachi Nikhra, Satish RayFollow TVF:Facebook: https://www.facebook.com/sabqtiyapahaiTwitter: https://www.twitter.com/TheViralFeverInstagram: https://www.instagram.com/tvfqtiyapaWhatsApp: https://www.whatszap.in/tvfDownload the app now:Android: http://bit.ly/tvfplayandroidiOS: http://bit.ly/tvfplayiosOwned, operated and managed by, Contagious Online Media Network Private Limited.","19.04.11","the viral fever-tvf-humour-qtiyapa-comedy-TVF Shots - Babuji Daatenge-tvf shots-sab qtiyapa hai-tvfplay-babuji daatenge-desi parents-desi comedy-strict parents-tough love-tvfshots-fathers-daddy-sketch-funny-babuji-father in law-sasur-damaad-sasur damad comedy-in laws-disappointed-grandfather-dadaji-grandad","204606","11430","2518","397","https://i.ytimg.com/vi/Qy6R8AofUQQ/default.jpg","False","False"
"6URWmcaWwA0","Pawan Kalyan Powerful Counter To YCP MP VijayaSai Reddy | Chalo Visakhapatnam | 99TV Telugu","2019-11-03T14:06:47.000Z","UCl5YgCiwSRVOiC2Nd1P9v1A","99TV Telugu","25","Pawan Kalyan Powerful Counter To YCP MP VijayaSai Reedy | Chalo Visakhapatnam.Follow us on Telegram ‚ñ∫ https://t.me/news99tv Join in Our 99 TV Whatsapp Group ‚ñ∫ https://chat.whatsapp.com/K09r7OrXJFI2AMkiliyGpd The news of 99TV Telugu is daring, straightforward and biased only towards people.Using its unparalleled infrastructure, 99TV Telugu has brought shows that were unprecedented in its genre. As a pioneer in infotainment, it has launched a series of game shows and interactive content. Its hard-hitting news, frank questioning and result oriented analysis driven by its in-depth journalism have made it the agenda setter for the Telugu people. ‚ñ∫Subscribe to 99tv Telugu: https://www.youtube.com/99tvtelugu?sub_confirmation=1‚ñ∫Like us on Facebook: https://www.facebook.com/99tvtelugu‚ñ∫ Follow us on Twitter:  https://twitter.com/99tvtelugu‚ñ∫ https://www.instagram.com/99tvtelugu/‚ñ∫ https://plus.google.com/u/0/+99TVTelugu","19.04.11","Pawan Kalyan Powerful Counter To YCP MP VijayaSai-Pawan Kalyan-Pawan Kalyan comments on vijaysai reddy-Pawan Kalyan fires on vijaysai reddy-Pawan Kalyan warning to vijaysai reddy-Pawan Kalyan speech-pawan live-pawan fans-pawan fans hungama-pawan about vijaysai reddy comments-99tv live-99 tv live-99tv-tv99 live telugu-99 tv-99tv telugu news live-99 news live-tv99","208136","10790","1121","1781","https://i.ytimg.com/vi/6URWmcaWwA0/default.jpg","False","False"
"bO3KJJZh36U","Next Dose #602 | 4 November 2019 Current Affairs | Daily Current Affairs | Current Affairs In Hindi","2019-11-03T23:09:08.000Z","UC3-u8ek82h70ArrPO4HJypQ","NEXT EXAM","22","4 November 2019 Current Affairs........PDF File - https://drive.google.com/open?id=17TPtdg2UruO7vKKQl8f7hRwFqfhUoqlBFor more updates..............Audio Revision http://bit.ly/IndreshRCAudioJoin us on telegram....https://www.t.me/nextexamFollow us on instagram....https://www.instagram.com/nextexamLike our facebook page....https://www.facebook.com/nextexamdotinJoin our facebook group....https://www.facebook.com/groups/436909226391916Join me on facebook....https://www.facebook.com/indreshrcFollow me on instagram....https://www.instagram.com/indreshrcWhatsapp Group.......To join whatsapp your name and city on 8077964508Also watch‚Ä¶‚Ä¶‚Ä¶‚Ä¶‚Ä¶‚Ä¶Tatsam tadbhav tricks‚Ä¶‚Ä¶‚Ä¶‚Ä¶‚Ä¶‚Ä¶‚Ä¶..https://youtu.be/rVDnFp-F2vQSamas tricks‚Ä¶‚Ä¶‚Ä¶‚Ä¶‚Ä¶‚Ä¶‚Ä¶‚Ä¶https://youtu.be/ArxGs6Zy5VkImportant facts of continents‚Ä¶‚Ä¶‚Ä¶‚Ä¶‚Ä¶‚Ä¶‚Ä¶‚Ä¶https://youtu.be/L9C62z3rK_sUnit digit trick‚Ä¶‚Ä¶‚Ä¶‚Ä¶‚Ä¶‚Ä¶‚Ä¶‚Ä¶.https://youtu.be/RedDP_qcTz8Hindi important magazines and latters...................https://youtu.be/1-eA_T4zNQQNational parks tricks‚Ä¶‚Ä¶‚Ä¶‚Ä¶‚Ä¶‚Ä¶‚Ä¶‚Ä¶‚Ä¶https://youtu.be/i_jfirZm32MScience important objective questions‚Ä¶‚Ä¶‚Ä¶‚Ä¶‚Ä¶‚Ä¶‚Ä¶.https://youtu.be/cO1DNNxScHUUttar Pradesh Important questions‚Ä¶‚Ä¶‚Ä¶‚Ä¶https://youtu.be/AJ6qt2IacjEAtmosphere layers‚Ä¶‚Ä¶‚Ä¶‚Ä¶‚Ä¶‚Ä¶..https://youtu.be/x1tZXUz0ukcThanks for watching....NEXT EXAMnextexam#nextexam #IndreshRC-~-~~-~~~-~~-~-Please watch: Next Dose #603 | 5 November 2019 Current Affairs | Daily Current Affairs | Current Affairs In Hindi https://www.youtube.com/watch?v=-jO8jPngSfI-~-~~-~~~-~~-~-","19.04.11","4 November 2019 current affairs-Daily Current Affairs Booster-Current Affairs-November 2019 current affairs-current affairs 2019-Indresh RC-current affairs important questions-Daily Current Affairs-Daily Current Affairs Booster 4th November-pm modi-current affairs for railway bharti-bank exam-ibps-rrb-sbi exam-top trending-trending news-top 10 trending news-tech news-current affairs with Indresh RC-bollywood news-modi speech today-news-uptet-ctet-ntpc-ndtv","268506","27409","493","4966","https://i.ytimg.com/vi/bO3KJJZh36U/default.jpg","False","False"
"rrA1G7wJmfg","Are you ready to watch the GRAND FINALE of #BiggBossTelugu3?? Starts today at 6 PM","2019-11-03T07:35:30.000Z","UCJF4y2nyCCrDKTgA7dxz1Qw","Star Maa","24","Sunday evening is going to be too much fun with many more surprises!!! #BB3TeluguFinaleStarts today at 6 PM on Star Maa","19.04.11","Star Maa-Starmaa-Starmaa serials-Telugu TV-Telugu Serials-Maatv Serials-Maa tv. drama-comedy action-entertainment-Telugu-tollywood-maatv-star telugumaa-maatelugu","1849028","27416","986","3165","https://i.ytimg.com/vi/rrA1G7wJmfg/default.jpg","False","False"
"NLk20xR7zXM","‡§ú‡§æ‡§®‡§ø‡§è ‡§∞‡§æ‡§Æ ‡§Æ‡§Ç‡§¶‡§ø‡§∞ ‡§™‡§∞  ‡§∏‡•Å‡§™‡•ç‡§∞‡•Ä‡§Æ ‡§ï‡•ã‡§∞‡•ç‡§ü ‡§ï‡•á ‡§∏‡§Ç‡§≠‡§æ‡§µ‡§ø‡§§ ‡§´‡•à‡§∏‡§≤‡•á ‡§ï‡•ç‡§Ø‡§æ ‡§π‡•ã ‡§∏‡§ï‡§§‡•á ‡§π‡•à‡§Ç ? |ABP Uncut","2019-11-02T14:36:29.000Z","UCmphdqZNmqL72WJ2uyiNw5w","ABP NEWS HINDI","25","#RamMandir #RamMandirVerdict #SupremeCourt‡§∞‡§æ‡§Æ ‡§Æ‡§Ç‡§¶‡§ø‡§∞ ‡§ï‡•á ‡§´‡•à‡§∏‡§≤‡•á ‡§™‡§∞ ‡§ú‡§∂‡•ç‡§® ‡§ï‡•ç‡§Ø‡•ã‡§Ç ‡§®‡§π‡•Ä‡§Ç ‡§Æ‡§®‡§æ‡§è‡§Ç‡§ó‡•á ‡§π‡§ø‡§®‡•ç‡§¶‡•Ç ‡§∏‡§Ç‡§ó‡§†‡§®, ‡§∏‡•Å‡§™‡•ç‡§∞‡•Ä‡§Æ ‡§ï‡•ã‡§∞‡•ç‡§ü ‡§ï‡•á ‡§´‡•à‡§∏‡§≤‡•á ‡§ï‡•ç‡§Ø‡§æ ‡§π‡•ã ‡§∏‡§ï‡§§‡•á ‡§π‡•à‡§Ç...‡§î‡§∞ ‡§ï‡§ø‡§∏ ‡§§‡§∞‡§π ‡§∏‡•á ‡§∏‡•Å‡§®‡§æ‡§Ø‡§æ ‡§ú‡§æ‡§è‡§ó‡§æ ‡§´‡•à‡§∏‡§≤‡§æ ‡§¶‡•á‡§ñ‡§ø‡§è ‡§µ‡§ø‡§ú‡§Ø ‡§µ‡§ø‡§¶‡•ç‡§∞‡•ã‡§π‡•Ä ‡§ï‡•Ä ‡§ñ‡§æ‡§∏ ‡§∞‡§ø‡§™‡•ã‡§∞‡•ç‡§üSubscribe Our Channel: https://www.youtube.com/channel/UCmphdqZNmqL72WJ2uyiNw5w?sub_confirmation=1About Channel:ABP News ‡§è‡§ï ‡§∏‡§Æ‡§æ‡§ö‡§æ‡§∞ ‡§ö‡•à‡§®‡§≤ ‡§π‡•à ‡§ú‡•ã ‡§®‡§µ‡•Ä‡§®‡§§‡§Æ ‡§∂‡•Ä‡§∞‡•ç‡§∑ ‡§∏‡§Æ‡§æ‡§ö‡§æ‡§∞‡•ã‡§Ç, ‡§ñ‡•á‡§≤, ‡§µ‡•ç‡§Ø‡§µ‡§∏‡§æ‡§Ø, ‡§Æ‡§®‡•ã‡§∞‡§Ç‡§ú‡§®, ‡§∞‡§æ‡§ú‡§®‡•Ä‡§§‡§ø ‡§î‡§∞ ‡§ï‡§à ‡§î‡§∞ ‡§Ö‡§®‡•ç‡§Ø ‡§ï‡§µ‡§∞‡•á‡§ú ‡§™‡•ç‡§∞‡§¶‡§æ‡§® ‡§ï‡§∞‡§§‡§æ ‡§π‡•à‡•§ ‡§Ø‡§π ‡§ö‡•à‡§®‡§≤ ‡§Æ‡•Å‡§ñ‡•ç‡§Ø ‡§∞‡•Ç‡§™ ‡§∏‡•á ‡§≠‡§æ‡§∞‡§§ ‡§ï‡•á ‡§µ‡§ø‡§≠‡§ø‡§®‡•ç‡§® ‡§π‡§ø‡§∏‡•ç‡§∏‡•ã‡§Ç ‡§∏‡•á ‡§®‡§µ‡•Ä‡§®‡§§‡§Æ ‡§∏‡§Æ‡§æ‡§ö‡§æ‡§∞‡•ã‡§Ç ‡§ï‡§æ ‡§µ‡§ø‡§∏‡•ç‡§§‡•É‡§§ ‡§µ‡§ø‡§µ‡§∞‡§£ ‡§™‡•ç‡§∞‡§¶‡§æ‡§® ‡§ï‡§∞‡§§‡§æ ‡§π‡•à‡•§ABP News is a news hub which provides you with the comprehensive up-to-date news coverage from all over India and World. Get the latest top stories, current affairs, sports, business, entertainment, politics, astrology, spirituality, and many more here only on ABP News.ABP News is a popular Hindi News Channel made its debut as STAR News in March 2004 and was rebranded to ABP News from 1st June 2012.The vision of the channel is 'Aapko Rakhe Aagey' -the promise of keeping each individual ahead and informed. ABP News is best defined as a responsible channel with a fair and balanced approach that combines prompt reporting with insightful analysis of news and current affairs.ABP News maintains the repute of being a people's channel. Its cutting-edge formats, state-of-the-art newsrooms commands the attention of 48 million Indians weekly.Watch Live on http://abpnews.abplive.in/live-tvABP Hindi: http://abpnews.abplive.in/ABP English: http://www.abplive.in/Download ABP App for Apple: https://itunes.apple.com/in/app/abp-live-abp-news-abp-ananda/id811114904?mt=8Download ABP App for Android: https://play.google.com/store/apps/details?id=com.winit.starnews.hin&hl=enSocial Media Handles:Instagram: https://www.instagram.com/abpnewstv/Facebook: https://www.facebook.com/abpnews/Twitter: https://twitter.com/abpnewstv","19.04.11","Ayodhya-ayodhya ram mandir-Bansi Paharpur-Rajasthan-supreme court-jaipur stones-ram mandir news-ram mandir ka faisla-ram mandir dispute-bansi paharpur rajasthan-ram mandir latest news-abp news live-abp news-abp live-live news hindi-live news-hindi news live-live hindi news-live abp news-abp news hindi-abp hindi-abp uncut news-supreme court on ayodhya case-supreme court hearing on ram mandir-hearing on ram mandir","656534","7367","1146","1358","https://i.ytimg.com/vi/NLk20xR7zXM/default.jpg","False","False"
"ZMpswWEv_6A","Sudigaali Sudheer Performance | Extra Jabardasth | 1st November 2019    | ETV Telugu","2019-11-01T18:43:21.000Z","UCnoqvTW4YZExfDeq7_Wmd-w","ETV Jabardasth","23","A comedy show, in which comedians like Sudigaali Sudheer, Chammak Chandra and Hyper Aadi perform side|splitting comedy skits. #ExtraJabardasth #Nagababu #Roja #Sudeer","19.04.11","etv shows-eenadu television-padutha theeyaga-super2-dhee Jodi-jabardasth-extra jabardsth-etv20-etv comedy show-extra jabardasth-naga babu-roja-anchor anasuya-rashmi-dhanraj-chandra-venu-chanti-dhana dhan dhanraj-comedy short films-chamak chandra-chalaki chanti-raghava-rocket raghava-roller raghu-venu wonders-comedy skits in telugu-telugu comedy tracks-allari harish-yedukondalu","2512879","33118","3689","0","https://i.ytimg.com/vi/ZMpswWEv_6A/default.jpg","True","False"
"olveYhGEWQY","Badi Behan Vs. Choti Behan Part 3 | SAMREEN ALI","2019-11-02T08:30:00.000Z","UC0cHVZAeY_qxI7Z-7nJFXkg","Samreen Ali","23","Badi Behan VS. Choti Behan | SAMREEN ALIInstagram - https://www.instagram.com/samreenali142/Subscribe its free: http://bit.ly/samreenaliHi! My name is Samreen and I make funny videos.! Most importantly, I smile a lot and want to make you feel happy. Subscribe! Subscribe to my Sister's Channel: https://goo.gl/Y33HGT----------------------------------------------THIS WAS JUST FOR FUN!----------------------------------------------Actress   :Samreen AliScript      :Mahjabeen AliEdited By:Mahjabeen AliInstagram - https://www.instagram.com/samreenali142/Facebook https://www.facebook.com/alisamreen42Thank You For Watching...... |Samreen Ali#badibehanvschotibehan #samreenali #comedy","19.04.11","samreen ali-samreen ali videos-samreen ali funny videos-samreen ali new videos-Badi Behan Vs. Choti Behan-samreen ali funny-elder sister-samreen new videos-types of sisters-bhai behan-older sibling vs younger sibling-choti behan comdey scene-badi behan comedy scene-older vs younger-young sister and elder sister-sisters vs sisters-how sisters fight-younger siblings-kids videos-desi funny comedy-samreen ali all videos-sisters fight video-siblings","791508","37013","3145","2505","https://i.ytimg.com/vi/olveYhGEWQY/default.jpg","False","False"
"7p19LYTe9Po","VIDEO : ‡§Ö‡§Æ‡§ø‡§§ ‡§∂‡§π‡§æ‡§Ç‡§∏‡•ã‡§¨‡§§ ‡§¨‡•à‡§†‡§ï‡•Ä‡§§ ‡§∏‡•á‡§®‡•á‡§¨‡§¶‡•ç‡§¶‡§≤ ‡§ï‡§æ‡§Ø ‡§†‡§∞‡§≤‡§Ç? ‡§´‡§°‡§£‡§µ‡•Ä‡§∏ ‡§Æ‡•ç‡§π‡§£‡§§‡§æ‡§§...","2019-11-04T12:48:13.000Z","UCrcpw88HvKJ0skdsHniCJtQ","News18 Lokmat","25","‡§≠‡§æ‡§ú‡§™‡§ö‡•á ‡§Ö‡§ß‡•ç‡§Ø‡§ï‡•ç‡§∑ ‡§Ö‡§Æ‡§ø‡§§ ‡§∂‡§π‡§æ ‡§Ü‡§£‡§ø ‡§Æ‡•Å‡§ñ‡•ç‡§Ø‡§Æ‡§Ç‡§§‡•ç‡§∞‡•Ä ‡§¶‡•á‡§µ‡•á‡§Ç‡§¶‡•ç‡§∞ ‡§´‡§°‡§£‡§µ‡•Ä‡§∏ ‡§Ø‡§æ‡§Ç‡§ö‡•ç‡§Ø‡§æ‡§Æ‡§ß‡•ç‡§Ø‡•á ‡§Ü‡§ú ‡§Ö‡§∞‡•ç‡§ß‡§æ ‡§§‡§æ‡§∏ ‡§ö‡§∞‡•ç‡§ö‡§æ ‡§ù‡§æ‡§≤‡•Ä. ‡§Ø‡§æ ‡§¨‡•à‡§†‡§ï‡•Ä‡§Æ‡§ß‡•ç‡§Ø‡•á ‡§∂‡§ø‡§µ‡§∏‡•á‡§®‡•á‡§¨‡§¶‡•ç‡§¶‡§≤ ‡§ï‡§æ‡§Ø ‡§®‡§ø‡§∞‡•ç‡§£‡§Ø ‡§ù‡§æ‡§≤‡§æ, ‡§Ø‡§æ‡§ö‡•Ä ‡§Æ‡§æ‡§π‡§ø‡§§‡•Ä ‡§´‡§°‡§£‡§µ‡•Ä‡§∏ ‡§Ø‡§æ‡§Ç‡§®‡•Ä ‡§™‡§§‡•ç‡§∞‡§ï‡§æ‡§∞‡§æ‡§Ç‡§∂‡•Ä ‡§¨‡•ã‡§≤‡§§‡§æ‡§®‡§æ ‡§¶‡§ø‡§≤‡•Ä.#News18Lokmat#MahaSangramFor all the latest news from Maharashtra Election 2019 , keep watching News18 Lokmat LIVE TV on YouTube.News18 India‚Äôs leading News Network, and the Lokmat Group, Maharashtra‚Äôs leading Newspaper group, present News18Lokmat (formerly- IBN-Lokmat ) - a 24-hour Marathi News and Current Affairs Channel. The legacy of these two renowned media powerhouses will give News18Lokmat a sense of immense credibility as well as access to a vast audience base. Going on air from April 6, News18Lokmat will be a world-class credible News channel for the highly aware and conscious ‚ÄòProgressive Marathi‚Äô.‡§®‡•ç‡§Ø‡•Ç‡§ú 18 ‡§á‡§Ç‡§°‡§ø‡§Ø‡§æ‡§ö‡•á ‡§Ö‡§ó‡•ç‡§∞‡§ó‡§£‡•ç‡§Ø ‡§®‡•ç‡§Ø‡•Ç‡§ú ‡§®‡•á‡§ü‡§µ‡§∞‡•ç‡§ï ‡§Ü‡§£‡§ø ‡§≤‡•ã‡§ï‡§Æ‡§§ ‡§ó‡•ç‡§∞‡•Å‡§™, ‡§Æ‡§π‡§æ‡§∞‡§æ‡§∑‡•ç‡§ü‡•ç‡§∞‡§æ‡§ö‡•á ‡§Ö‡§ó‡•ç‡§∞‡§ó‡§£‡•ç‡§Ø ‡§µ‡•É‡§§‡•ç‡§§‡§™‡§§‡•ç‡§∞ ‡§∏‡§Æ‡•Ç‡§π, ‡§∏‡§ß‡•ç‡§Ø‡§æ‡§ö‡•á ‡§®‡•ç‡§Ø‡•Ç‡§ú 18 ‡§≤‡•ã‡§ï‡§Æ‡§§ (‡§™‡•Ç‡§∞‡•ç‡§µ‡•Ä‡§ö‡•á ‡§Ü‡§Ø‡§¨‡•Ä‡§è‡§® ‡§≤‡•ã‡§ï‡§Æ‡§§) - 24 ‡§§‡§æ‡§∏‡§æ‡§Ç‡§ö‡•á ‡§Æ‡§∞‡§æ‡§†‡•Ä ‡§®‡•ç‡§Ø‡•Ç‡§ú ‡§Ü‡§£‡§ø ‡§ï‡§∞‡§Ç‡§ü ‡§Ö‡§´‡•á‡§Ø‡§∞‡•ç‡§∏ ‡§ö‡•Ö‡§®‡§≤. ‡§Ø‡§æ ‡§¶‡•ã‡§® ‡§™‡•ç‡§∞‡§∏‡§ø‡§¶‡•ç‡§ß ‡§Æ‡•Ä‡§°‡§ø‡§Ø‡§æ ‡§™‡•â‡§µ‡§∞‡§π‡§æ‡§â‡§∏‡§ö‡•Ä ‡§µ‡§æ‡§∞‡§∏‡§æ ‡§®‡•ç‡§Ø‡•Ç‡§ú 18 ‡§≤‡•ã‡§ï‡§Æ‡§§‡•á‡§≤‡§æ ‡§™‡•ç‡§∞‡§ö‡§Ç‡§° ‡§µ‡§ø‡§∂‡•ç‡§µ‡§æ‡§∏‡§æ‡§∞‡•ç‡§π‡§§‡•á‡§ö‡§æ ‡§§‡§∏‡•á‡§ö ‡§Æ‡•ã‡§†‡•ç‡§Ø‡§æ ‡§™‡•ç‡§∞‡•á‡§ï‡•ç‡§∑‡§ï‡§æ‡§Ç‡§ö‡•ç‡§Ø‡§æ ‡§Ü‡§ß‡§æ‡§∞‡§æ‡§µ‡§∞ ‡§™‡•ç‡§∞‡§µ‡•á‡§∂ ‡§¶‡•á‡§à‡§≤. 6 ‡§è‡§™‡•ç‡§∞‡§ø‡§≤‡§™‡§æ‡§∏‡•Ç‡§® ‡§π‡§µ‡§æ‡§≤‡§æ ‡§ú‡§æ‡§£‡•á, ‡§®‡•ç‡§Ø‡•Ç‡§ú 18 ‡§≤‡•ã‡§ï‡§Æ‡§§ ‡§ú‡§æ‡§ó‡•É‡§§ ‡§Ü‡§£‡§ø ‡§ú‡§æ‡§ó‡•É‡§§ '‡§™‡•ç‡§∞‡•ã‡§ó‡•ç‡§∞‡•á‡§∏‡§ø‡§µ‡•ç‡§π ‡§Æ‡§∞‡§æ‡§†‡•Ä' ‡§∏‡§æ‡§†‡•Ä ‡§ú‡§æ‡§ó‡§§‡§ø‡§ï ‡§¶‡§∞‡•ç‡§ú‡§æ‡§ö‡•á ‡§µ‡§ø‡§∂‡•ç‡§µ‡§æ‡§∏‡§æ‡§∞‡•ç‡§π ‡§®‡•ç‡§Ø‡•Ç‡§ú ‡§ö‡•Ö‡§®‡•á‡§≤ ‡§Ö‡§∏‡•á‡§≤.Follow usWebsite: https://lokmat.news18.com/Twitter: https://twitter.com/news18lokmat?lang=enFacebook: https://www.facebook.com/News18Lokmat","19.04.11","‡§¨‡•à‡§†‡§ï‡•Ä‡§§ ‡§∏‡•á‡§®‡•á‡§¨‡§¶‡•ç‡§¶‡§≤-‡§ï‡§æ‡§Ø ‡§†‡§∞‡§≤‡§Ç?-‡§´‡§°‡§£‡§µ‡•Ä‡§∏ ‡§Æ‡•ç‡§π‡§£‡§§‡§æ‡§§..-‡§Æ‡§∞‡§æ‡§†‡•Ä ‡§¨‡§æ‡§§‡§Æ‡•ç‡§Ø‡§æ-‡§§‡§æ‡§ú‡•ç‡§Ø‡§æ ‡§¨‡§æ‡§§‡§Æ‡•ç‡§Ø‡§æ-‡§ü‡•ç‡§∞‡•á‡§£‡•ç‡§°‡§ø‡§Ç‡§ó ‡§¨‡§æ‡§§‡§Æ‡•ç‡§Ø‡§æ-‡§≤‡•á‡§ü‡•á‡§∏‡•ç‡§ü ‡§Ö‡§™‡§°‡•á‡§ü‡•ç‡§∏-Batmya Superfast-news-latest news-latest marathi news-National news-maharashtra-political news-marathi news-maharashtra news-breaking news-maharashtra news today-maharashtra election exit poll-election results live-maharashtra election result live-ibn lokmat live-ibn lokmat-marathi batmya","133367","381","127","70","https://i.ytimg.com/vi/7p19LYTe9Po/default.jpg","False","False"
