video_id,title,publishedAt,channelId,channelTitle,categoryId,trending_date,tags,view_count,likes,dislikes,comment_count,thumbnail_link,comments_disabled,ratings_disabled,description
"7LnEb_6agks","기승전조! 내가 시발점이라고? 내가 태어난 게 잘못이다♨ | 신서유기 7 tvNbros7 EP.6","2019-11-29T13:15:26.000Z","UC78PMQprrZTbU0IlMDsYZPw","tvN","24","19.30.11","신서유기|신서유기7|신서유기시즌7|tvN신서유기|tvN|티비엔|강호동|이수근|은지원|규현|송민호|피오","1028231","20483","169","1547","https://i.ytimg.com/vi/7LnEb_6agks/default.jpg","False","False","기승전조! 내가 시발점이라고? 내가 태어난 게 잘못이다♨리얼막장 모험활극 ＜신서유기7＞매주 금요일 밤 9시 10분 tvN#신서유기7 #조규현 #이수근------------------------------------------------------------------ ▶[신서유기 7] 최신 클립 다시보기 : http://www.tving.com/smr/vod/player/P/C01_B120194767?from=youtube------------------------------------------------------------------"
"ol9PmyoIq24","하루에 람보르기니 40대 본다구요?;; 외제차 받고 한류 스타까지 더블로 영접한 청담동 주유소 알바 리뷰ㅣ워크맨 ep.29","2019-11-29T09:00:10.000Z","UCwx6n_4OcLgzAGdty0RWCoA","워크맨-Workman","22","19.30.11","studiolululala|JTBC|스튜디오룰루랄라|룰루랄라|워크맨|직업리뷰|알바리뷰|알바썰|알바|직업|장성규|와썹맨|workman|job|wassupman|아르바이트|후기|알바후기|주유소|주유소알바|GS칼텍스|경유|휘발유|세차|주유소알바리뷰|청담동|SM|EXO|엑소|엑소수호|연예기획사|청담동알바|고급유|수호|김준면","3735410","75821","941","6523","https://i.ytimg.com/vi/ol9PmyoIq24/default.jpg","False","False","JOB것들아~~~♥ 인력소장이다,,,,~~~😎 😎 😎주유소,,알바도~~항상 안전이 젤 중요한거시다~~~,,,,알긋지~!?항상 불조심하고~~~차조심하고,,,,!!! 세상의 모든 job것들을 리뷰한다 [워크맨]▶ 매주 금 오후 6시 공개#워크맨 #workman #장성규 #주유소알바 #GS칼텍스#직업리뷰 #알바리뷰 #장성규 #스튜디오룰루랄라 #엑소 #EXO"
"Nz2uKK-7dVQ","[#신서유기] 겨울왕국 애마가 부릅니다. 렛잇고. 서로 혼내지 않기로한 인물퀴즈 ㅋㅋㅋ 대환장 꿀잼 | #다시보는신서유기2 | #Diggle","2019-11-30T05:00:08.000Z","UCsRIHt5FkbGc6cQtCxt-ufA","tvN D ENT","24","19.30.11","신서유기|다시보는신서유기|신서유기레전드|강호동|이수근|은지원|안재현|송민호|피오|이승기|규현|슈주|블락비|위너|신서유기다시보기|신서유기엑기스|나영석|나영석예능|나영석레전드|tvN|젝 스키스|강호동 레전드|신서유기7|강식당2|강식당 다시보기|강식당 예고|나영석 PD|나PD|신서유기2|신서유기 스태프|ㅋㅋㅋ|현웃|피옷가게|네파|피오패리스|오킹|좀비게임|겨울왕국|인물퀴즈|신서유기 송민호","459102","0","0","317","https://i.ytimg.com/vi/Nz2uKK-7dVQ/default.jpg","False","True","#다시보는신서유기 #Diggle 겨울왕국 애마가 부릅니다. 렛잇고. 서로 혼내지 않기로한 인물퀴즈 ㅋㅋㅋ 대환장 꿀잼Let's giggle, :Diggle!더 많은 꿀잼 영상은? ▶ tvN D CLASSIC : https://bit.ly/2KT666f"
"O5RpTB7ExdM","겨울왕국2 ost 노래 모음 - Frozen 2 OST soundtrack [1시간연속재생 ]","2019-11-29T02:05:43.000Z","UCpS4_lcap-K-x7DkHbUEfbw","음악 외국: 외국노래","10","19.30.11","겨울왕국|겨울왕국2|겨울왕국2 ost|노래 모음|겨울왕국2 ost 노래 모음|Frozen|Frozen 2|Frozen 2 OST|Frozen 2 OST soundtrack","433319","7303","176","1133","https://i.ytimg.com/vi/O5RpTB7ExdM/default.jpg","False","False","겨울왕국2 ost 노래 모음 - Frozen 2 OST soundtrack [1시간연속재생 ]구독과 좋아요 부탁드립니다#겨울왕국2, #겨울왕국"
"IePbjLAUvf0","박진영 (J.Y. Park) FEVER (Feat. 수퍼비, BIBI) M/V","2019-11-30T09:00:04.000Z","UCaO6TYtlC8U5ttz62hTrZgg","jypentertainment","10","19.30.11","JYP Entertainment|JYP|FEVER|J.Y.Park|JYPark|박진영|조여정|CHOYEOJEONG|수퍼비|SUPERBEE|비비|BIBI","824970","109434","3115","8600","https://i.ytimg.com/vi/IePbjLAUvf0/default.jpg","False","False","박진영 (J.Y. Park) FEVER (Feat. 수퍼비, BIBI) M/V 2019.12.01 SUN 6PM MUSIC박진영 콘서트 NO.1 X 50대구 12월 21일 EXCO 5층 컨벤션홀부산 12월 25일 사직실내체육관서울 12월 28일-29일, 31일 올림픽홀예매처 - 예스24 : https://t.co/O3GEg7YFYl- 인터파크 : https://t.co/xXn0oEbiXl- 멜론티켓 : https://t.co/0cvQgbdw8zJ.Y. Park Official YouTube: http://www.youtube.com/c/JYParkJ.Y. Park Official Instagram : http://www.instagram.com/asiansoul_jyp/J.Y. Park Official Twitter : https://twitter.com/followjypJ.Y. Park Official Facebook: http://www.facebook.com/followjypJ.Y. Park Official TikTok : http://www.tiktok.com/@JYPark_officialJ.Y. Park Official Homepage: http://jyp.jype.comCopyrights 2019 ⓒ JYP Entertainment. All Rights Reserved."
"ob_VTehQhGw","핸드폰이 없어서 대기업에 취직했다고? 핸드폰 없어서 좋을때!ㅋㅋㅋ(흔한남매)","2019-11-30T06:00:12.000Z","UCU8uafr_iROxRVI6c23Q_bA","흔한남매","24","19.30.11","웃찾사|웃찾사흔한남매|흔한남매|현실남매|공감|개그|개그맨|한으뜸|장다운|에이미|으뜸|시트콤|코미디|핸드폰 없어서 좋을때|흔한남매 휴대폰 없어서 좋을때|흔한남매 오해요|흔한남매 방탈출|흔한남매 먹방|흔한남매 슬라임|흔한남매 게임|흔한남매 브롤스타즈|흔한남매 로블록스|흔한남매 무서운이야기|흔한남매 결혼|흔한남매 백설공주|꿀잼|샌드박스","541493","10987","466","2565","https://i.ytimg.com/vi/ob_VTehQhGw/default.jpg","False","False","우리 냐하들앙~어떤 안좋은 상황이 와도 그 나름 장점이 있다구!!!항상 당당하고 씩씩하게 살자!!^^냐핫----------------------------------------------------------------안녕하세요~ 코미디 크리에이터 웃찾사 '흔한남매' 팀에 개그맨 한으뜸, 장다운입니다.코미디를 좋아해서 만들게 된 채널이구요~ 흔한남매 뿐만 아니라 새로운 개그 코너도 이 채널에 선보이려고 합니다~!!개그 뿐만 아니라 시트콤, 먹방, 만들기, 실험, 일상, 커플(실제 커플입니다.ㅋㅋ)등 다양한 영상들도 기대해주세요~ 흔한남매 채널을 구독하시면~  재미+상큼+병맛+발랄한 영상으로 보답하겠습니다~ 구독~꾸우우우욱~~ 눌러쥬시고 예뿌게 봐쥬세효~~~냐핫!!비지니스문의: normalsibling@sandboxnetwork.net팬아트 보내는곳 : ddmchu@daum.net으뜸 인스타: https://www.instagram.com/ddmchu/다운 인스타: https://www.instagram.com/jangdawun/흔한남매 틱톡ID: nya_ha"
"wBar_stTFqM","13차 여의도 촛불문화제 검찰개혁,공수처설치,국민총궐기","2019-11-30T11:49:56.000Z","UCzQJmmpZjqzJe96CwlrwlHQ","시사타파TV","25","19.30.11","[none]","229325","26267","560","171","https://i.ytimg.com/vi/wBar_stTFqM/default.jpg","False","False","2019년 11월 30일 (토) 17시 여의도공원13차 여의도 촛불문화제 검찰개혁,공수처설치,국민총궐기"
"R9AKY9FjKgQ","김어준의 다스뵈이다 89회 지소미아-했네 했어, 퍼센타일 그리고 캥(기냐)","2019-11-29T13:00:15.000Z","UCxvU6bRtYhNLvZleAIGa-FQ","딴지방송국","25","19.30.11","[none]","640846","88119","983","1918","https://i.ytimg.com/vi/R9AKY9FjKgQ/default.jpg","False","False","유튜브 구독 인증 이벤트 진행!https://market.ddanzi.com/bbs/read.php?index_no=186137595&boardid=marketExhibitions- 어느 누구도 믿을 수 없는 ‘legal’한 친구들 : 손원진과 쌈바 친구들- 우리나라에 여태 없던 유형의 정치 기대주 : 장경태 더민주 전국 청년 위원장, 정청래 전 의원- 소득주도성장은 성공하고 있는거야. 퍼센타일 알아? : 최배근 교수- ‘약은 약사에게 소통은 의사에게’ 민주연구원 [의사소통TV] : 주웅 원장, 김현지 부원장- 국민총궐기 13차 여의도 촛불문화제 : 시사타파 이종원 대표- 일본정부, 사과 했네 했어 : 호사카 유지 교수- 욱일기 퇴치 글로벌 시가지 작전 : 광복회 김원웅 회장- 문정부, 역대급 훌륭한 외교를 하고 있다 : 민주평화통일자문회의 정세현 부의장- 파란 장미 시민 운동. 국민이 지켜보고있다 : 손혜원 의원 89회 사전 공연A voz do morro - 손원진과 쌈바 친구들https://youtu.be/VjKkxSVaQssMas que nada - 손원진과 쌈바 친구들https://youtu.be/R10ommnbV3YTristeza - 손원진과 쌈바 친구들(10시 오픈)https://youtu.be/Hx2TsdqM8fs장경태TV 구독https://www.youtube.com/channel/UCOo1TMHUNV0zhBdIo6aN3vg?sub_confirmation=1의사소통TV 구독https://www.youtube.com/channel/UCTyntsaYElXKz54IMa1cZQQ?sub_confirmation=1시사타파TV 구독https://www.youtube.com/channel/UCzQJmmpZjqzJe96CwlrwlHQ?sub_confirmation=1호사카유지TV 구독https://www.youtube.com/channel/UCa6GZxWJenXYyqQXYQhh7jw?sub_confirmation=1손혜원TV 구독https://www.youtube.com/channel/UCEOCh5qXQull_Jsg5i0CIAA?sub_confirmation=1광복회 조선의열단 2차 작전 후원https://koreanstory.us/그 남자의 쇼핑몰 - 딴지마켓http://market.ddanzi.com/index.php딴지방송국 100만 구독 가즈아!https://www.youtube.com/channel/UCxvU6bRtYhNLvZleAIGa-FQ?sub_confirmation=1"
"MZmBNwI0J-Q","입을 물어뜯긴 보호자, 품 안에 강아지 말티푸 하루 2부｜내 강아지의 공격성","2019-11-29T09:30:00.000Z","UCee1MvXr6E8qC_d2WEYTU5g","강형욱의보듬TV","15","19.30.11","강형욱|강형욱훈련사|보듬|보듬컴퍼니|BODEUM|강아지|반려견|개|Dog|puppy|いぬ|犬|子犬|小犬|こいぬ|교육|훈련|세나개|discipline|training|訓練|教育|반려동물|dogyoutube|강아지유튜브|doggy|ボドゥム|カン・ヒョンウク|hunterkang|Koreandogtrainer|강형욱훈련사도포기한강아지|강형욱무는개|말티즈공격성|말티푸공격성|푸들공격성|소형견공격성|애정과잉공격성|애정과잉강아지|과도한애정|dog aggression|갑자기무는개|만지면무는개|내강아지의공격성|강아지공격성|개공격성|공격성종류|요구적공격성","234377","4962","101","617","https://i.ytimg.com/vi/MZmBNwI0J-Q/default.jpg","False","False","[Eng sub/日本語字幕]내 반려견에게 물렸을 때 보호자가 느끼는 감정은 무엇일까요?사랑하는 강아지가 나를 물었다는 놀람, 공포, 실망. 그 모든 것을 담은 `절망감`일 것입니다.사랑으로 키워온 강아지가 나를 물게 된 이유는 무엇일까요?입을 물어뜯긴 보호자, 품 안에 강아지 말티푸 하루 편을 통해 원인을 들여다보겠습니다.#과잉보호공격성 #토착견공격성 #무는개공격성 교육은 보호자님과 반려견의 안전을 위해 전문가와 진행해주세요.공격성은 반드시 꾸준한 교육과 관리가 필요합니다.유튜브 '강형욱의 보듬TV' 신규 콘텐츠에 출연하실'반려견의 공격성으로 고민하는 보호자님'을 찾습니다.▶ '내 강아지의 공격성' 출연 신청방법아래 내용을 작성하여 신청 메일을 보내주세요.* 신청서 보내실 곳  bodeumofficial@naver.com1) 반려견의 이름, 견종, 나이 등 : 2) 보호자 연락처 : 3) 고민하고 계신 공격성에 대해 최대한 상세하게 설명해주세요 : 4) 필수항목 - 반려견의 공격성을 파악할 수 있는 영상 첨부(CCTV 영상, 기존에 촬영한 공격 장면 영상 혹은 공격성의 짐작할 수 있는 상황의 영상이나 사진)▶보듬 공식 홈페이지https://www.bodeum.co.kr　▶보듬 공식 페이스북https://www.facebook.com/bodeum0527혼내지 않아도 혼나지 않아도 되는 반려견 교육, 보듬"
"ncbstYaaqCQ","24시간 굶고 쓰러지기 직전에 대왕 불닭볶음면에 킬바사 소시지 만들어 먹기 ㅋㅋㅋㅋ [ 맛도리 가디언즈 ]","2019-11-30T06:25:21.000Z","UChE5nZAIhWS5vYTRjsUgRpQ","공대생 변승주 DS","23","19.30.11","공대생|공피디|보겸|양팡|핫도그|파뿌리|흔한남매|급식왕|보물섬|더블비|임다|총몇명","293021","5331","226","823","https://i.ytimg.com/vi/ncbstYaaqCQ/default.jpg","False","False","#맛도리가디언즈 #킬바사 #먹방문의는 mesol@videovillage.co.krhjsbjh2@gmail.com 으로 부탁드려요!공대생 공피디 주피디 김하나 변승주 불닭 볶음면 불닭볶음면 킬바사 칼바사 소시지 돼지고기 삼겹살 라면 추천 꿀팁 요리 리얼사운드 asmr 굶고 24시간"
"yqtCGojXEpM","[최초공개] IU(아이유) 'Blueming(블루밍)' 라이브🎤🎤(밴드ver.) | 가사 | 스페셜클립 | Special Clip | LYRICS [4K]","2019-11-29T03:00:15.000Z","UCqq-ovGE01ErlXakPihhKDA","1theK Originals - 원더케이 오리지널","24","19.30.11","아이유|아이유 블루밍|아이유 신곡|스페셜클립 아이유|Blueming|IU|아이유 최초공개|아이유 라이브|블루밍 라이브","1306787","108058","449","3925","https://i.ytimg.com/vi/yqtCGojXEpM/default.jpg","False","False","[최초공개] IU(아이유) 'Blueming(블루밍)' 라이브🎤🎤(밴드ver.) | 가사 | 스페셜클립 | Special Clip | LYRICSK-POP Wonderland, 1theKK-POP의 모든 즐거움이 여기에,새롭게 바뀐 1theK 로고와 다양한 오리지널 컨텐츠를 만나보세요!최초공개! 아이유의 ‘Blueming’ 라이브(밴드ver.)!파란색 세상 찰떡.. 아이유 돌잔치 때 아이돌 마이크 잡았다며.. ?믿고 보고, 믿고 듣는 아이유의 역대급 스페셜클립!#아이유#블루밍#스페셜클립#New1theKOriginal#1theK#원더케이#원더케이오리지널▶1theK YT : https://www.youtube.com/1theK▶1theK FB  : http://www.facebook.com/1theK▶1theK TW : https://twitter.com/1theK▶1theK Kakao : https://goo.gl/otRpZc"
"l1ugeDv8f_w","지하철 민폐 유형!! [밍꼬발랄]","2019-11-30T00:00:04.000Z","UCCJkwrmhIqWkSFV-sQol4Qw","밍꼬발랄Mingggo","23","19.30.11","밍꼬발랄|밍꼬|꼬밍|발랄|모아보기|이어보기|정주행|꿀잼|꿀팁|유형|유형별|꼭있는유형|유형별공감|공감|소통|댓글요청|사건|사연|재연|연기|에피소드|이야기|상황극|공감상황극|학교공감|학생공감|친구공감|교실공감|형제공감|자매공감|아빠공감|엄마공감|가족공감|유형드라마|mingggo|story|episode|acting|type|interesting_story|funny_story|interesting_episode|funny_episode|type_drama|empathy|empathy_by_type|Must-have_type|school_empathy|student_empathy|friend_empathy|共感|类型|学校共感|学生共感|友達共感|Đồngcảm|kiểu|Đồngcảm_theoloại|Đồngcảm_của_trường|Đồngcảm_của_học_sinh|투니버스|투니버스밍꼬발랄|지하철민폐유형|서울교통공사|지하철에티켓","449512","10945","418","2958","https://i.ytimg.com/vi/l1ugeDv8f_w/default.jpg","False","False","오늘은 지하철 민폐 유형을 모아봤습니다!머릿속에서만 하던 사이다까지 날려보자~! 재미있게 보시고, 구독, 좋아요 한번씩 눌러주세요! [밍꼬 배경화면]_https://grafolio.naver.com/mingggo[밍꼬 페이스북]_https://www.facebook.com/mingggggo[밍꼬 인스타그램]_https://www.instagram.com/mingggggo#밍꼬발랄 #서울교통공사 #지하철민폐유형(BGM)Track : 작은 영웅Music by 브금대통령 Music provided by 브금대통령Watch : https://youtu.be/LH_mZVd5D4MTrack : 코믹한 BGM 모음Music by 브금대통령 Music provided by 브금대통령Watch : https://youtu.be/M3j0QKsiIPcMusic provided by 브금대통령Track : 갑자기 멍때리기 - https://youtu.be/TdQYTw-jhw8Track : Une Petite DisputeMusic by 브금대통령 Music provided by 브금대통령Watch : https://youtu.be/NWITLjXsBj4Track : 눈치게임Music by 브금대통령 Music provided by 브금대통령Watch : https://youtu.be/zq8p0Rk6lRMKevin MacLeod의 Jaunty Gumption은(는) Creative Commons Attribution 라이선스(https://creativecommons.org/licenses/by/4.0/)에 따라 라이선스가 부여됩니다.출처: http://incompetech.com/music/royalty-free/index.html?isrc=USUAN1300017아티스트: http://incompetech.com/Audionautix의 Clowning Around은(는) Creative Commons Attribution 라이선스(https://creativecommons.org/licenses/by/4.0/)에 따라 라이선스가 부여됩니다.아티스트: http://audionautix.com/"
"8GI-K7RzYpY","모르고 '악마의 영역'을 건드린 과학자들, 결국 그들은 단체로..","2019-11-29T09:09:34.000Z","UCBHXCaw_W6sxfgAB7rC-BYw","소개해주는 남자","1","19.30.11","소개해주는남자|영화|드라마|미국드라마|미드|영화 리뷰|미드 리뷰|넷플릭스 드라마|고스트타운|넷플릭스 고스트타운|영화 줄거리요약|드라마 줄거리요약|넷플릭스|공포","283893","2551","191","193","https://i.ytimg.com/vi/8GI-K7RzYpY/default.jpg","False","False","넷플릭스 드라마 '고스트타운' 스토리텔링 및 리뷰영상입니다.오늘도 찾아와주셔서 감사합니다."
"-Lmm74ENtpw","문정권, 이렇게 빨리 무너질줄 몰랐다[성창경의 미친언론]","2019-11-30T06:15:43.000Z","UCM8BcGB6BWKq3utIMhGKnUA","고성국TV","25","19.30.11","고성국TV","172887","18472","675","392","https://i.ytimg.com/vi/-Lmm74ENtpw/default.jpg","False","False","문정권, 이렇게 빨리 무너질줄 몰랐다[성창경의 미친언론]* 자율구독료:  490701-01-183911 국민(고성국)* 정기구독 계좌이체 신청: http://www.ihappynanum.com/Nanum/B/QLUJSFZ0MJ* ARS자동이체: 1877-1891**구독료는 좋은 방송을 만드는데 큰 도움이 됩니다. # 문의:  kosungkook.tv@gmail.com/ 010-6657-3010"
"f9V6uVFmOU8","[ENG/CHN] [새로운 전설의 시작] 네? 호동이 혼자 라면 끼리 묵는 거라고요?? (feat. 머꼬송 뮤비있음) | 라끼남 풀버전 0봉","2019-11-29T14:00:10.000Z","UCQ2O-iftmnlfrBuNsUUTofQ","채널 십오야","24","19.30.11","나영석|나PD|신서유기|신서유기외전|아간세|아이슬란드|아이슬란드간세끼|이수근|수근세끼|은지원|지원세끼|삼시세끼|세끼|신효정|나피디|묘한이|tvN|라끼남|라면끼리는남자|강호동|안성탕면|짜파게티|농심|라믈리에|달갈세|달간세|라면끼리묵는남자|호동이|양정우","576804","17255","173","1796","https://i.ytimg.com/vi/f9V6uVFmOU8/default.jpg","False","False","우리는 모두 잊고 있었는지 모른다. 6봉 라면 먹방, 5:1 라면 먹방 대결, 라믈리에….. 이 세상 라면은 모두 강호동으로 흐르고 있었다는 것을. 최고로 맛있는 라면을 먹기 위해 떠난 6봉선생의 라면순례길, 라끼남. 그 대망의 인트로!#라끼남 #6봉선생 #머꼬송뮤비있음[라끼남] 12월 6일(금) 밤 10시 40분부터 6분!Olive & tvN 동시 첫 방송신상 라면 소식은?🍜https://bit.ly/2DGKjs1"
"Ofi8fGaP6nU","[EP.69] 펭수의 펭생극장","2019-11-29T12:00:04.000Z","UCtckgmUcpzqGnzcs7xEqMzQ","자이언트 펭TV","1","19.30.11","전원배|자이언배|펭수|펭생극장|펭팁|자이언트펭티비|구독|좋아요|추천|음악|노래|본편|이휘재|인생극장|그래 결심했어|100만|구독자|음원 정보|박재영|이슬예나|임문식|김한진|이성화|김선민|매니저|김|원배김|광고","757555","30914","330","5477","https://i.ytimg.com/vi/Ofi8fGaP6nU/default.jpg","False","False","전원배 매니저(Feat.퇴사자인더하우스) 얼굴에 김이 묻었다.이걸 어떻게 말을 해줘야하나? 말아야 하나?!펭수의 선택에 펭생이 달라진다음원 정보1.인생극장(inst)-남궁연2.매일 그대와_들국화3.Waltz 4 Minnie (Orch ver )_Unknown_파스타 (MBC 월화드라마) ost4.Comic Sence_옆가르마1 & 옆가르마4_미싱 코리아 (웹 드라마) OST5.말이야_이홍기6.빙(永)_거리의 시인들7.돈 Call Me (Prod.BRLLNT)_염따8.HIP_마마무9.너는 내게 비타민 같아 (inst.)_모트(Motte)10. Off The Record_Will Jay11.The Godfather - Main Title Theme_Andre Rieu12.뭐지_Unknown_호구의 사랑 OST13.Funky Boy_마마무14.그대 사랑한적 있는가_다연15.친구_안재욱"
"CKdCajO5YHo","하루종일 도박에 빠지면 어떻게 될까?? 도박이 무서운 진짜 이유....","2019-11-29T09:00:02.000Z","UClzB2iZ5jPoTNz0S-QU6Wiw","파뿌리","24","19.30.11","파뿌리|강호이|진렬이|노랭이|예능|옥탑방|반지하|지하|땅굴|벙커","456435","6866","229","1289","https://i.ytimg.com/vi/CKdCajO5YHo/default.jpg","False","False","※ 노랭이 PD : 분명 장이었는데....※ 강호이 : 손은 눈보다 빠르니까※ 진렬이 : 불법 사이트 왜케 많냐시청자들과 깊은 소통을 지향하는 버라이어티 채널 파뿌리입니다! 채널 구독하셔서 강호이, 진렬이, 그리고 노랭이PD의 유쾌한 매력에 빠져보세요!!재밌게 보셨다면 좋아요 구독 댓글 쌈박하게 날려주시구요오!~★파뿌리와 더욱 가깝게 소통하기! (MEET POPFREE)★[페이스북] 미방영분, 자잘한 일상영상 : https://www.facebook.com/POPFREE1992/[인스타그램] 콘텐츠 예고편, 스틸컷, 자잘한 일상사진 : 개업 준비중!(Coming soon!)[트위터] 트위터로는 뭘 하면 좋을까? : 개업 준비중!(Coming soon!)[이메일] 콘텐츠요청, 팬 아트, 보내주고픈 말들 : popfree@sandboxnetwork.net[팬사서함] 굳이 보내주시겠다면 사양하지 않겠어..! 흐흐 서울특별시 강남구 테헤란로 518 15층 샌드박스 네트워크 받는 사람명 - 파뿌리※본 영상은 국민체육진흥공단의 지원을 받아 제작되었습니다.!"
"xr0QAtjCALM","세상과 단절된 채, 2년째 쓰레기 더미 속에서 홀로 살아가는 여인┃Woman Lived in Junk for 2 Years, Isolated from the World","2019-11-30T04:00:04.000Z","UC0PsUG07plnP_uQQS9djFVQ","우와한 비디오 X SBS 세상에 이런일이","22","19.30.11","SBS|세상에이런일이|순간포착|순간포착 세상에 이런 일이|우와한비디오|역대급|놀라운 능력|놀라운 이야기|놀라운 사연|what on earth|wowvideo|how in the world|shook|amazing story|amazing human|talented human|amazing people|dope video|UC0PsUG07plnP_uQQS9djFVQ|미스테리|mystery|기묘한 이야기|충격 실화|실제상황|사건사고|기막힌 이야기|shocking story|치매 어머니|휴먼 다큐|다큐멘터리|고물로 가득 찬 집|알츠하이머|강박증","155895","2067","95","220","https://i.ytimg.com/vi/xr0QAtjCALM/default.jpg","False","False","*Please hit the CC button for English subtitles*한적한 시골 마을, 문을 꼭 걸어 잠근 채 자식들에게조차 집을 보여주지 않는다는 엄마.하나둘 모은 쓰레기들로 가득 차버린 집에는 물도, 가스도 어느 하나 제대로 나오지 않는 상태.한 사람이 눕기에도 비좁은 공간, 그 속에서 엄마는 반려견과 위태로운 생활을 이어가고 있었습니다.2년 전부터 이상 증세를 보이기 시작한 엄마는 외부와의 소통을 끊고 물건에 대한 강한 집착을 보였다는데요, 같은 말을 계속해서 반복하는 변해버린 엄마를 보며 자식들은 물론 마을 사람들까지 모두 치매를 의심하는 상황. 보고도 믿지 못할 열악한 환경 역시 개선이 시급해 보이는데...과연 어머니에겐 무슨 일이 벌어지고 있는 걸까요?#우와한비디오 #세상에이런일이 #엄마의쓰레기집──────────────────────────제보·문의 ☞sbswowvideo@gmail.com▶우와한비디오 구독하기 : https://bit.ly/2UruBXv▶우와한비디오 페이스북 : https://www.facebook.com/wowwowvideo/▶우와한비디오 인스타그램 : https://www.instagram.com/sbswowvideo/▷100만뷰 이상 ♨핫클립♨ https://bit.ly/2Itw0eE▷기적·감동 놀라운 실화들 https://bit.ly/2UsXNxo▷덕후들의 수집 끝판전쟁 https://bit.ly/2UrvHCB▷이 구역 달인 모음.ZIP https://bit.ly/2GrOtof▷금손·다이아손 시리즈 https://bit.ly/2IIwBs6▷세상에 이런 동물이?! https://bit.ly/2GxzURE▷조금 평범하지 않은 먹방 플레이어(취존영역) https://bit.ly/2IsgGij▷미스테리·기묘한 실화들 http://bit.ly/2kisYiL"
"xsJU0ZJRj1s","박형철 비서관의 배신! 검찰 진술에 靑 '격앙'! (진성호의 직설)","2019-11-30T02:00:11.000Z","UC-ORGzN6c-OZyCw9YAYNjkA","진성호방송","22","19.30.11","진성호|진성호의 직설|진성호방송|진성호의 융단폭격|진성호TV","180089","15493","697","426","https://i.ytimg.com/vi/xsJU0ZJRj1s/default.jpg","False","False","반부패비서관"
"jiHmB_ERNhU","[유시민의 알릴레오 39회] 선거법 필 무렵 - 우상호 민주당 의원, 김준우 민변 사무차장","2019-11-29T11:00:11.000Z","UCJS9VvReVkplPwCIbxnbsjQ","사람사는세상노무현재단","25","19.30.11","노무현|노무현재단|유시민|알릴레오|선거법|패스트트랙|국회의원|총선|의석|황교안|단식","331048","37395","461","1174","https://i.ytimg.com/vi/jiHmB_ERNhU/default.jpg","False","False","#유시민의알릴레오 #선거법 #패스트트랙노무현재단은 후원회원 한분 한분이 보내주시는 소중한 후원금으로 운영됩니다. 여러분의 후원이 세상을 바꾸고, 대한민국의 미래를 만들어갑니다.　 ◎ 사람사는세상 노무현재단 공식 SNS홈페이지  http://www.knowhow.or.kr후원안내  1688-0523페이스북 https://www.facebook.com/rmoohyun인스타그램 https://www.instagram.com/rohmoohyunfoundation유튜브 https://www.youtube.com/c/사람사는세상노무현재단트위터 https://twitter.com/RohFoundation노무현사료관 http://archives.knowhow.or.kr"
"ONL-_fxLLiE","유쾌! 상쾌! 통쾌!","2019-11-29T10:38:53.000Z","UC8SZ88GQa9XWwZxLNibO3ug","배승희 변호사","24","19.30.11","bae seung hee lawyer","460312","49105","3494","3122","https://i.ytimg.com/vi/ONL-_fxLLiE/default.jpg","False","False","2019. 11. 29.제보 메일 : moissue24@gmail.com"
"vtAJykPaf4I","살면서 이런 참신한게임 처음해봅니다...갓겜 ㅇㅈ(Stone Story)","2019-11-29T07:00:06.000Z","UCta_NRwnsUaew0t3VNxBNyg","김재원의 즐거운게임 세상","20","19.30.11","김재원|김재원 참신한게임|김재원 갓겜|김재원 스톤스토리|김재원 병맛게임|김재원 살면서|stone story","349915","6493","208","879","https://i.ytimg.com/vi/vtAJykPaf4I/default.jpg","False","False","재미있게 보셧나용김재원 방송 https://www.twitch.tv/jaewon4915김재원 메일 wodnjs2601@naver.com구독 눌러주시고 알람해주시면더 빠르게 제영상을 보실수있당가요"
"Fgd0m4hl67E","아들의 컵라면 울어버리고 말았습니다.. [감동실화모음3편]","2019-11-30T01:00:01.000Z","UC5D5VhXj_9JWr3IskPYOEdA","오늘의 영상툰","1","19.30.11","감동실화|감동적인 이야기|감동실화모음|감동|사연툰|오썰|오늘의 영상툰","418034","12982","143","1488","https://i.ytimg.com/vi/Fgd0m4hl67E/default.jpg","False","False","아내를 떠나 보낸 뒤, 엄마를 그리워 하는 아들의 따듯한 이야기영상에서 만나요:)🦄 오늘의 썰툰 구독하기 → https://bit.ly/2NqVyXQ🦄 사연보내는 곳 → http://bitly.kr/3xHrhf🦄 음악출처 → FLOW MUSIC님 https://youtu.be/NM8JgFAa2rM아노 하나: 그날 본 꽃의 이름을 우리는 아직 모른다 OST - Secret Base 피아노커버"
"poWqwJgBjhc","(현장취재) 광화문 천만, 문재인 탄핵 청와대 돌격!!!  / 신의한수 19.11.30","2019-11-30T09:48:16.000Z","UCgOLQwRv1r2m9mhE1tfsn3Q","신의한수","25","19.30.11","[none]","567244","43158","1828","597","https://i.ytimg.com/vi/poWqwJgBjhc/default.jpg","False","False","(주)민초 커뮤니케이션 대표 신혜식입니다. 더욱 열심히 하는 신의 한수가 되겠습니다. 애국 시민의 소중한 구독료는 애국 방송 사업에 쓰입니다.정기 구독 ARS 가입  1877-1477* 인터넷가입http://www.ihappynanum.com/Nanum/B/3JO90YUSOZ앞으로 더욱 더 좋은 애국 방송으로 보답해드리겠습니다.아래의 계좌번호는 민초커뮤니케이션 후원 계좌번호입니다.국민은행 032901-04-262037(주)민초커뮤니케이션"
"IxXynPCF9ZU","소은이가 깨튜브 하차 한다고 합니다...","2019-11-29T10:00:05.000Z","UC1L79yKbmVepsCYusa4KHLQ","깨박이","24","19.30.11","봉준|깨박이|킴성태|배틀그라운드|남순|킹기훈|보겸|엔터테이너먼트|여사친|썸녀|우결|아프리카TV|BJ|여캠|여동생|VLOG","594907","5194","377","1727","https://i.ytimg.com/vi/IxXynPCF9ZU/default.jpg","False","False","소은이의 눈물...AFREECATV LIVE ( AM 11:00~)http://play.afreecatv.com/dlghfjs※소리 싱크가 약간 안 맞을 수 있습니다.구독과 좋아요 한 번씩만 눌러주시면 감사하겠습니다광고&문의는 dlghfjs@hanmail.net 로 연락주세요."
"S9WSflji4d0","[팩트체크] 남중국해 핵폭발! 中, 美 핵잠수함 격침?","2019-11-29T19:30:00.000Z","UCbgqDFODvh-q38ouzoKKkVA","신인균의 국방TV","25","19.30.11","신인균|신인균의 국방TV|국방TV|군사TV|신인균의 군사TV|신인균TV|데일리디펜스|알무백|알기쉬운무기백과|자주국방네트워크|심층분석|디펜스브리핑|팩트체크|남중국해|South China sea|남중국해 핵폭발|핵잠수함|잠수함|전략원잠|공격원잠|중국 잠수함|Nuclear explosion|버섯구름|Nuclear mushroom cloud|항행의 자유|구축함|웨인 메이어|개브리엘 기포드|호위함|연안전투함","542688","29660","1160","727","https://i.ytimg.com/vi/S9WSflji4d0/default.jpg","False","False","설명"
"vkUI_UpKwag","체르노빌에 직접 가봤다!!! 방사선 수치는 과연 어느 정도일까?","2019-11-30T05:33:32.000Z","UCuPeQ50gyXAl_70p0UT7WAQ","공돌이 용달","27","19.30.11","체르노빌|원전사고|방사능|방사선|공돌이|용달","391444","8281","159","2162","https://i.ytimg.com/vi/vkUI_UpKwag/default.jpg","False","False","영상 업로드가 늦어 정말 죄송합니다.체르노빌 같은 경우에는 아직 위험한 일부 지역이 있습니다. 하지만 그 부분은 엄격하게 통제하고 있고, 가이드 지시에 따라 움직일 경우 전혀 문제될 부분이 없습니다."
"P2166hBTqG4","Q. 다음 그림에 가장 적절한 제목은? (69점)","2019-11-29T11:30:01.000Z","UCFqvKeEMGrJfJPEOafy1v4Q","레바스튜디오","23","19.30.11","레바|레자바지|스트리머|트위치|레바툰|이승권|레바하이라이트|던전속사정|꽃게소녀","443648","7637","89","1245","https://i.ytimg.com/vi/P2166hBTqG4/default.jpg","False","False","11월 16일 방송입니다타스트리머 방송에서는 예의를 지켜주시기 바랍니다!--------레바의 트위치채널 : https://www.twitch.tv/mister903레바툰 보러가기 : https://www.lezhin.com/ko/comic/revatoon레바의 팬카페 : https://cafe.naver.com/19920709reva--------Track: Axollo - Burn It [NCS Release]Music provided by NoCopyrightSounds.Watch: https://youtu.be/0ApCDO_WquIFree Download / Stream: http://ncs.io/BurnItYO#레바 #지스타 #드로잉쇼 #3부"
"4fVkUvtTC0g","앵커브리핑 - 文의 권력이 무너진다. 다급한 민주당...총선전략 분석(191129)","2019-11-30T00:00:00.000Z","UCOqCunaF9qVN8bXwsK0HT3g","펜앤드마이크TV","25","19.30.11","펜앤드마이크|펜앤마이크|PenN|정규재tv|정규재방송|펜앤뉴스|펜앤드뉴스|penn news|뉴스|News|korea news|6시 뉴스|시사|이슈|정보|소식|정치|경제|사회|국제|세계|실시간|생방송|정규재|최대현|팬앤드뉴스|황교안|단식|자유한국당|박대출|나경원|최지영|박결|새벽당|청년화랑|김현진|통일부|이동현|김연철|인헌고|김화랑|서울시교육청|정시|교육부|수시|논술|유은혜|대법원|박근혜|특활비|국정원|하명수사|김기현|백원우|청와대|문재인|전기요금|한전|서비스업|운전자금|아파트값|이해찬|이회창|박찬주|김영란법|NLL|트럼프|김용삼|김정호|탈북선원","109111","11586","388","320","https://i.ytimg.com/vi/4fVkUvtTC0g/default.jpg","False","False","* 월 1만원 정기구독이면 나라를 지킵니다! *1) 펜앤마이크 정기구독(해피나눔) 바로가기: https://www.ihappynanum.com/Nanum/complex/0BT4KW55HB2) 일시구독 계좌: 기업은행 024-088734-01-018 (주식회사 펜앤드마이크)     정기구독 계좌: 기업은행 024-088734-04-046 (주식회사 펜앤드마이크)각종 후원방법 안내: http://www.pennmike.com/com/spon.html"
"XmkoraD_QY4","네 ㅈ된거맞습니다","2019-11-29T11:14:23.000Z","UCu9BCtGIEr73LXZsKmoujKw","보겸 TV","24","19.30.11","보겸|bokyem|사죄|사과|해명|레전드","1291514","19802","437","2059","https://i.ytimg.com/vi/XmkoraD_QY4/default.jpg","False","False","보겸TV 유튜브 구독하기 :: https://goo.gl/08r0gG보겸TV의 달달한 영상을 바로바로 시청하시려면 구독은 필수!보겸의 배틀그라운드 영상 모음 :: https://goo.gl/HE4cFd보겸의 오버워치 영상 모음 :: https://goo.gl/tSbgv0보겸의 롤 하이라이트 모음 :: http://goo.gl/It3CHa보겸의 보슐랭가이드/먹방 모음 :: https://goo.gl/em8WLQ보겸의 착불택배 개봉기 모음 :: https://goo.gl/o5nTzd보겸의 원피스 대백과사전 모음 ::  http://goo.gl/Psk9Uq보겸의 클래시로얄 모음 :: https://goo.gl/7wFF3D보겸이 아프리카TV 방송국 :: http://afreeca.com/bokyem123보겸이 인스타그램 :: https://www.instagram.com/great_bk보겸이 페이스북  :: https://www.facebook.com/gbk123456다양한 콘텐츠로 여러분을 찾아 뵙겠습니다!광고&섭외 문의는 bokyem123@naver.com로 문의주세요."
"KNMZ4jtIboQ","[비정상회담][114-4] 보통 사람들의 반응과 좀 다릅니다 범죄심리학자가 말하는 사이코패스 특징 (Abnormal Summit)","2019-11-30T02:00:02.000Z","UCF3UEVPt5zZTlBVJwDG317g","JTBC Voyage","24","19.30.11","JTBC|VOYAGE|봐야지|비정상회담|비정상회담 몰아보기|비정상회담 다시보기|전현무|유세윤|성시경|비정상회담 샘|비정상회담 기욤|비정상회담 다니엘|비정상회담 줄리안|비정상회담 장위안|비정상회담 알베르토|샘|샘오취리|줄리안|장위안|알베르토|알베르토 몬디|Alberto Mondi|Julian Quintart|Okyere Samue|이수정|범죄심리학자|프로파일러 Guilaume Patry|Daniel Lindemann|국경없는 청년회 비정상회담|비정상회담 full|JTBC 봐야지|지니|윌 스미스|오헬리엉|닉|명언|이수정 교수","279771","2839","72","749","https://i.ytimg.com/vi/KNMZ4jtIboQ/default.jpg","False","False","｜ 20160905 비정상회담 EP.114 ▶ 지구상의 반찬타임! ‘뭣이 중헌디!’각 국 대표들이 소개하는 다양한 이슈로 열띤 ‘찬반’ 토론을 가지는 ‘반찬’ 타임!유럽판 로또, ‘유로잭팟’에서 1000억원 대 당첨자 등장!전 세계인의 시선집중! 복권사업에 대한 비정상멤버들의 불꽃튀는 토론!정부가 진행하는 복권사업에 대한 사행성 논란과 함께‘복권’에 대한 비정상대표들의 다양한 시각들까지!자국에서 태어나는 아이들에게 시민권을 주는 캐나다!미국에 이은 “원정출산” 핫플레이스로 떠오르다?그러나 시민권 관광부터 앵커 베이비까지! 끊이지 않는 원정출산 논란!외국인들의 원정출산, 막아야 한다 vs 말아야 한다?전 세계의 핫이슈와 함께한 불꽃 튀는 토론 열전!▶ “대한민국의 미제사건을 해결하고 싶은 나, 비정상인가요?”“대한민국의 미제사건을 해결할 수 있다고 믿는 나, 비정상인가요?”범죄심리학 전문가 이수정 교수와 함께 한 글로벌 공감 토크!세계의 미제사건들과 범죄 교정 시스템에 대한 이야기들!인도를 공포로 몰아넣은 희대의 연쇄살인마부터,멕시코판 ‘화성 연쇄 살인사건’까지!각 나라의 미제사건, 그리고 한국의 미제사건에 대한 이야기들!세계를 공포로 몰아넣은 연쇄살인마들! 그 중에 사이코패스가 있다?교도소를 내집처럼 드나든(?) 범죄심리학 전문가, 이수정 교수님이 이야기하는한국의 사이코패스 범죄자! 그리고 미제사건을 해결하기 위한 각 국의 다양한 고민들!"
"rEKe-N6_h8o","베어 : 독사군요! 이 뱀은 아주 위.. 위.. 위에 넣어버릴 거야! [Man vs Wild]","2019-11-29T08:00:07.000Z","UCI6bxkc4WHwIHLis1Hg2jTw","디스커버리 채널 코리아 - Discovery Korea","24","19.30.11","Discovery Channel Korea|discovery|디스커버리|다큐멘터리|다큐|베어그릴스|Bear Grylls|디스커버리 채널|베어 그릴스|물고기|물고기 사냥|물고기 고기|낚시|고기 사냥|물고기 먹방|애벌레|애벌레 먹방|벌레|벌레 먹방|뱀|뱀사냥|뱀 사냥|뱀 먹방|뱀 고기|독사|독사 사냥|독사 먹방|포식자|맹수|곰|호랑이|사자|늑대|악어|상어|정글|생존|야생|정글 먹방|생존 먹방|야생 먹방|먹방 모음|베어그릴스 먹방|베어그릴스 먹방 모음|동물|동물농장|애니멀봐|정글의 법칙|자연인|나는 자연인이다|준아|UMA|우마|uma|윽박|최고다 윽박|인간대자연|인간 대 자연|인간과 자연의 대결|man vs wild|Man vs wild|생존 다큐","718334","10215","220","2030","https://i.ytimg.com/vi/rEKe-N6_h8o/default.jpg","False","False","즐거운 발견, Joy of Discovery!세상의 모든 즐거움을 ‘구독’ 클릭 한번으로 발견해 보세요! 구독하기: https://bit.ly/2VCbpqE물고기 사냥, 애벌레 먹방, 노래기 포획, 그리고 뱀 사냥까지!수마트라 정글을 누비는 베어 그릴스의 활약을 만나보세요----------------------------------------------------------------------------------------------디스커버리 채널은 KT올레TV 177, SK BTV 261, LGU+TV 194, 스카이 라이프 130, CJ헬로 210, 딜라이브 171, 티브로드 239번(케이블은 각 지역케이블 문의)에서 시청 가능합니다."
"i0TatPKl2xM","[Offcial MV] 유산슬 합정역 5번 출구","2019-11-30T09:00:08.000Z","UCx6jsZ02B4K3SECUrkgPyzg","놀면 뭐하니?","24","19.30.11","MBC|유재석|김태호|PD|무한도전|유플래시|유산슬|뽕포유|합정역|합정역5번출구|트로트","73381","5220","21","469","https://i.ytimg.com/vi/i0TatPKl2xM/default.jpg","False","False","유산슬 '합정역 5번 출구' Official MV놀면뭐하니 - 토요일 저녁 6시 30분 방송!#유산슬#합정역5번출구#뽕포유"
"NKvMEUB6Uz0","최고급 한우 3kg 70만원치..?! 역대급 먹방 Beef Korean mukbang eating show","2019-11-29T10:00:07.000Z","UCfpaSruWW3S4dibonKXENjA","tzuyang쯔양","22","19.30.11","大食い|real sound|리얼사운드|social eating|吃播|big eater|challenge|Meat|肉|carne|고기|Steak|ステーキ|bistec","863945","12400","527","1669","https://i.ytimg.com/vi/NKvMEUB6Uz0/default.jpg","False","False","안녕하세요 쯔양 유튜브 채널입니다!아프리카 방송국 주소 → http://afreecatv.com/ss7169오시면 생방송과 무편집본 동영상을 보실수 있습니다^^구독과 좋아요 눌러주시는 모든분들 정말 감사드립니다!!!광고 및 협찬관련 문의처 입니다. *뷰티관련(화장품, 성형외과, 피부과 등) 및 다이어트 제품군(약,보조제,관련식품)은 일절 진행하지 않고 있습니다. 이 부분 양해 부탁드립니다업무용 (협찬,광고)메일: kilian_@naver.com인스타:https://www.instagram.com/tzuyang70/"
"PWcxIsTGWhY","기억해. 문대통령 뒤엔 푹총리가 있어..삼성 이재용 부회장에게 파격제안한 베트남 총리!! 한-베트남 정상회담부터 만찬장, 비하인드 모았Zip.","2019-11-29T11:51:47.000Z","UCIMOytYIzaUpoAM2bpT4JZQ","KTV국민방송","25","19.30.11","문재인|문워크|베트남|총리|만찬|정상회담|한아세안|박항서|이재용|Vietnam","245294","6359","160","704","https://i.ytimg.com/vi/PWcxIsTGWhY/default.jpg","False","False","베트남 총리가 삼성 이재용 부회장에게 한 파격적인 제안은 뭘까요?!한-베트남 정상회담부터 MOU서명식, 만찬, 그리고 푹 총리와 이재용 부회장의 면담 뒷이야기까지문워크를 보시면 압니다^^ 문 대통령은 부산에서 열린 2019 한-아세안 특별정상회의와 제1차 한-메콩 정상회의를 마치고 27일 서울로 온 직후 또!! 일정을 시작했습니다. 먼저 청와대 본관 집현실에서 한-베트남 정상회담을 가졌는데요~ 문 대통령은 양국 협력이 양국 모두에게 호혜적인 복으로 돌아올 것이라고 확신한다고 말하며 응우옌 쑤언 푹 베트남 총리의 이름 뜻인 '봄에 찾아오는 복'을 인용해 한국인들에게도 매우 정겨운 이름이라고 친근함을 나타내기도 했습니다. 이후 베트남 총리 내외를 위한 공식 만찬에서는 쩐 응우엣 투 여사가 한복을 입고 와서 분위기가 더 좋았다는 후문~ㅎ 그리고 여기엔 삼성 이재용 부회장 등 재계 인사들이 함께했는데요. 베트남 푹 총리는 삼성전자 스마트폰 수출의 58%가 베트남에서 생산된 것”이라며 삼성과의 관계를 강조하기도 했습니다. 화기애애했던 한-베트남의 정상회담부터 MOU 서명식, 만찬현장까지 문워크에서 전합니다!#문재인대통령 #베트남 #이재용#삼성 #푹총리 #삼성전자 #정상회담#Vietnam #samsung"
"FXljcPdCxO4","드루킹 최측근 가세연에 충격제보 ㄷㄷ '드루킹, 문재인과 직접 통화했다!!'","2019-11-29T11:38:37.000Z","UC0M-_02RJqMlGTKUjF1WhJg","가로세로연구소","25","19.30.11","가로세로연구소|강용석|김세의|김용호|변희재|문재인|드루킹|김경수|서울|구치소|박근혜|노무현|부엉이|바위|킹크랩|댓글|국정원|조작|사건|특검|허익범|선고|대법원|항소|나경원|황교안|자유한국당|한국당|자한당|필리버스터|국회|원내대표|대표|민주당|우리공화당|공화당|우공당","313488","30185","2624","693","https://i.ytimg.com/vi/FXljcPdCxO4/default.jpg","False","False","가로세로연구소 구독 후원 방법정기구독 후원 ARS 1877-0665기업은행 655-026629-01-014 (예금주 : (주)가로세로연구소)국민은행 465101-01-273030 (예금주 : (주)가로세로연구소)농협 301-0237-9687-51 (예금주 : (주)가로세로연구소)신한은행 140-012-467674 (예금주 : (주)가로세로연구소)우리은행 1005-903-621647 (예금주 : (주)가로세로연구소)KEB하나은행 155-910040-33004 (예금주 : (주)가로세로연구소)투네이션 기부 : https://toon.at/donate/hoverlabPaypal (해외거주자용) : https://paypal.me/hoverlabUSA Citi Bank : Account Number (9250716923), Routing Number (254070116), SWIFT Code (CITI US 33), Account Title (Hover Lab Co.), Address (14028 Marblestone Dr., Clifton, VA, USA 20124)CANADA Shinhan Bank : Account Number (700000149910), Institution Number (355), Transit Number (08101), SWIFT Code (SHBKCATTXXX), Account Title (Hover Lab Co.), Address (14028 Marblestone Dr., Clifton, VA, USA 20124)홈페이지 가입 : http://www.hoverlab2018.com카카오톡 채널 : http://pf.kakao.com/_ilWvT제보 이메일 : jebo2022@gmail.com"
"FtyFhEs95t8","[NEXT WEEK] 더욱 짙어진 감정으로 피어난 ′두번째 썸MV′ㅣ썸바디2 12/6(금) 저녁 8시","2019-11-29T17:03:08.000Z","UCepUWUpH45hRTi-QePdq1Bg","Mnet Official","24","19.30.11","Mnet|썸바디2|썸바디|한혜진|붐|김소리|이예나|최예림|윤혜수|박세영|장준혁|강정무|송재엽|이도윤|이우태","205968","1472","41","686","https://i.ytimg.com/vi/FtyFhEs95t8/default.jpg","False","False","[NEXT WEEK] 더욱 짙어진 감정으로 피어난 ′두번째 썸MV′ㅣ12/6(금) 저녁 8시춤 愛 빠진 댄서들의 짙은 사랑댄싱 로맨스 ＜#썸바디2＞매주(금) 저녁 8시 Mnet------------------------------------------------------------------ ▶[Mnet] 구독 http://www.youtube.com/channel/UCepUWUpH45hRTi-QePdq1Bg?sub_confirmation=1 ▶[썸바디2] 지금 뜨는 동영상 : http://www.tving.com/smr/vod/player/P/C01_B120193755?from=youtube ▶[Mnet] 라이브 : http://www.tving.com/live/player/C00579------------------------------------------------------------------ #Mnet#썸바디2#썸바디#한혜진#붐#김소리#이예나#최예림#윤혜수#박세영#장준혁#강정무#송재엽#이도윤#이우태"
"k8j2XY-A6OE","얼굴가린 존잘모델의 패션만 보고 소개팅한 존예 유튜버 (눈호강 보장/최고의 모델 남친룩 나옴) [룩개팅 EP.10]","2019-11-30T04:00:06.000Z","UCtDcEbupijR_gufF7PIEDGQ","ZAMSTER 잼스터","24","19.30.11","꿀잼|존잼|존웃|blind dating|소개팅|블라인드소개팅|데일리룩|패션|코디|OOTD|룩|소개팅성공|소개팅메이크업|소개팅패션|solfa소개팅|소개팅룩|레전드패션|훈남|남자|여자|연애|사랑|남친룩|여친룩|데이트룩|데이트패션|20대코디|남자들이 미치는|여자들이 미치는|환장하는|여자패션|남자패션|패션피플|패피|센스|추천|스타일|사복패션|공항패션|모델|패션모델|패션유튜버|뷰티유튜버|유튜버|피팅모델|후아유|남주혁|컴버배치|베네딕트|베네딕트 컴버배치|benedict cumberbatch|셜록|트와이스|twice|키드밀리|탕구리|포켓몬스터|야인시대|비보잉|게임|피시방|시밀러룩|구찌|발렌시아가|청바지|힙함|액세서리|목걸이|반지|모자|안경|가방|연예인코디|코디추천|프롬비기닝|데일리먼데이|빈블|블랙업|여름코디|가을코디|신상|개강룩|취향저격|극호|불호|심쿵|로맨스|스타일링|꿀팁|스타일팁","338680","6038","81","563","https://i.ytimg.com/vi/k8j2XY-A6OE/default.jpg","False","False","진짜 눈호강하는 ☆대박편☆드디어 룩개팅 블라인드 안에 찐모델 나옴!! (짝)(짝)(이거다이거지)모델 중에서 옷으로만 이상형을 찾을 수 있다 없다?!난 못골라 잉이ㅣ이이!!룩개팅 시즌1 마지막화!! 시즌2는 내년에 바로 금방 잽싸게 돌아옵니다!!그때 봐요오오오오오옹(휴가갈 짐을 싼다)♡구독과 좋아요는 필수♡ 잼스터 홈페이지 : https://zamster.co.krYOUTUBE : https://www.youtube.com/c/ZAMSTERTVNAVER TV : https://tv.naver.com/tvchosun.zamsterFACEBOOK : https://www.facebook.com/zamsterTV※출연자와 제작진을 비방하는 악플은 임의로 삭제하겠습니다#룩개팅 #소개팅 #20대코디"
"mp0DX03cjN0","사표 낸 박형철은 어디에","2019-11-29T10:39:55.000Z","UCIIpmDPVk7nzNHEUSHmvkUg","채널A 뉴스TOP10","25","19.30.11","감찰무마|박형철|사표|하명수사","173088","6951","709","513","https://i.ytimg.com/vi/mp0DX03cjN0/default.jpg","False","False","'감찰 무마·하명수사' 의혹 속 박형철 사의박형철 비서관 사의…청와대 출근 안 해청와대와 다른 진술한 박형철, 사의 표명※자세한 내용은 뉴스TOP10에서 확인하실 수 있습니다.▷ 공식 홈페이지 http://www.ichannela.com▷ 공식 페이스북 https://www.facebook.com/channelanews▷ 공식 유튜브 https://www.youtube.com/tvchanews"
"sjitbKPHLt8","필리버스터에 막혀 울먹이던 박용진 “나경원, 한유총에 애들 팔아먹어”","2019-11-29T09:17:19.000Z","UCGDjzLOfSakCGHuu7uPw1hg","미디어오늘","25","19.30.11","[none]","412364","19019","881","3967","https://i.ytimg.com/vi/sjitbKPHLt8/default.jpg","False","False","필리버스터에 막혀 울먹이던 박용진 “나경원 한유총에 애들 팔아먹어”필리버스터에 유치원법 무산 “저게 무슨 정당이에요? 저게 무슨 국회의원들이에요?”29일 자유한국당의 필리버스터 신청으로 유치원 3법 처리가 무산되자 박용진 의원은 “나경원 대표는 미국 가서 나라 팔아먹고 국회 돌아와서는 한유총에게 애들 팔아먹고 있는 것 아니냐”고 맹비난했다. 이날 오후 4시 40분 국회 본청 로텐더홀 앞 계단에서 열린 민주당 규탄대회에서 박용진 의원이 밝힌 지난 330일의 소회를 영상에 담았다."
"FEY3-ibfm8M","기계vs인간 과연 인간은 기계를 이길 수 있을것인가 인간의 한계에 도전한다!!  ㅋㅋㅋㅋ","2019-11-28T11:00:13.000Z","UCyCL5k8P1iUOc1EymhhMW1A","더블비","23","19.30.11","하면하지|더블비|박민규|장명준|싸움|기계|인간|혈투|맞짱|펀치기계|일자리|기계화|고령화","1257184","19150","1290","7709","https://i.ytimg.com/vi/FEY3-ibfm8M/default.jpg","False","False","#기계#인간승리#기계화시대기계 : 아윌 비백.... 광고,협찬 문의  mingyu3@naver.com      인스타그램    장명준   https://www.instagram.com/mang_jun_/?hl=ko                        박민규   https://www.instagram.com/mingggkiiii/?hl=ko더블비 페이스북 https://www.facebook.com/officialdoubleb/?ref=bookmarks"
"zYq-WPxYbCA","말 함부로 하지마! 나경원-이재정 충돌","2019-11-29T09:46:05.000Z","UCa97kDUvLn9OSn9xTX0uM_g","노컷브이","25","19.30.11","노컷브이|nocutV|노컷V|CBS|스마트뉴스|노컷뉴스","241183","4659","164","2513","https://i.ytimg.com/vi/zYq-WPxYbCA/default.jpg","False","False","#이재정 #나경원 #과거사법[말 함부로 하지마! 나경원-이재정 충돌]  자유한국당의 기습적인 필리버스터 신청으로 29일 국회 본회의 개최는 사실상 무산된 가운데 한국당 지도부와 민주당 대변인단이 본회의장 앞에서 설전을 벌였다. 국회 로텐더홀에서 형제복지원 피해자와 함께 '과거사법' 처리를 요구하는 피켓 시위를 벌이던 민주당 홍익표 수석대변인과 이재정 대변인은 국회의장과의 회동을 위해 이동하던 자유한국당 나경원 원내대표에게 협조를 요청했다. 이 과정에서 민주당 이 대변인이 우리 모두 살인자가 된다고 호소하자 나 원내대표가 말 함부로 하지마라고 맞서면서 험악한 분위기가 연출됐다.#노컷브이 #NOCUTV #노컷뉴스  #NOCUTNEWS #CBSNEWS #CBS ▶유튜브 'CBS 노컷브이' 채널 구독하기 : https://www.youtube.com/subscription_center?add_user=nocutv▶네이버 '노컷뉴스' 채널 구독하기 : https://media.naver.com/channel/promotion.nhn?oid=079▶CBS 노컷뉴스 제보하기홈페이지 : http://www.nocutnews.co.kr/interview/write.aspx애플리케이션 : ‘노컷뉴스’ 앱 설치하고 제보안드로이드 - https://play.google.com/store/apps/details?id=com.devsmart.android.ui애플 - https://itunes.apple.com/kr/app/%EB%85%B8%EC%BB%B7%EB%89%B4%EC%8A%A4/id484575133?mt=8페이스북 : ‘노컷브이’ 메시지 전송 - https://www.facebook.com/nocutv2017페이스북 : ‘노컷뉴스’ 메시지 전송 - https://www.facebook.com/nocutnews영상제보 이메일 : cbsnocutv@gmail.com기사제보 이메일 : nocutnews@cbs.co.kr카카오톡 제보 : 카톡 검색 ‘노컷뉴스’ 후 제보 전화제보: 02-2650-7395홈페이지: http://www.nocutnews.co.kr/페이스북: https://www.facebook.com/nocutv2017트위터: https://twitter.com/nocutnews카카오톡 : https://pf.kakao.com/_xeEUAd/chat카카오스토리: https://story.kakao.com/ch/nocutnews인스타그램: https://www.instagram.com/nocutnews"
"n8ZM3mV5z94","경주 진또배기가 추천하는 로컬 핫푸드는?! 반백살 당황시킨 역대급 투머치 먹방 대잔치 (배고픔 주의) l 와썹맨 ep.87ㅣgod 박준형","2019-11-29T08:00:10.000Z","UCYgUhR7EGKauFXgJS0pckGg","와썹맨-Wassup Man","24","19.30.11","와썹맨|wassupman|박준형|경주|여행|travel|gyeongju|리뷰|review|스튜디오 룰루랄라|studio lululala|먹방|황리단길|소고기|소금구이|순두부|황남빵|mukbang|핫플레이스|한옥|국내여행|Korea|KoreanStreetFood|첨성대|수학여행|핑크뮬리|불국사","360150","6117","114","752","https://i.ytimg.com/vi/n8ZM3mV5z94/default.jpg","False","False","요오우!!! 오느른 경주에서 요즘쩰루 핫하다눈 황리단길 보러와썹~!!! 돌아다니눈대 옆애 완죠니큰 왕족무덤이써눈데 거기앞애서 사람들 사진마니찍눈거 신기쓰 기릿~!!!! 꼬맹쓰들한테 맛잇눈거 추천받앗는데 술두부찌게추천하는거 잇쥐??! 근데 쪽꿈 내취향아닌거가타서 경주애서 젤루 유명하다는 경주빵도 머거보구 키위떡가툰것도 머거봐썹!! 저녁으루 갈비머그러갓눈데 사장님쓰 집애서 구워주는거라 완죠니우리집집밥 먹는기분이 드러서 조운거 몬지알쥐~~?! 울꼬맹쓰들도 경주놀러갈일이쓰면 왕무덤가튼것도 구경하고 맛있는것두 마니먹고오면 조캐애애쓰!!! 날씨 마니 추워지는데 감기조심 기릿~~! BAAAAAM!!! #와썹맨 #wassupman #박준형 #경주 #황리단길 #먹방 #god #JoonPark # mukbang [와썹맨] 매주 후라이데이 저녁 5시 쌤삥스 영상 빼애앰~!매주는 아니쥐만 수요일 저녁 5시 깜짝으루 차자오는 New 영상들두 빼애앰~!  [와썹맨] 1화 보러가기 ▶ http://bit.ly/2LvyvyV[와썹맨] 2017년 ver. [사서고생_왓써맨] ▶ http://bit.ly/2AjbsSG[스튜디오룰루랄라] 유튜브▶ https://www.youtube.com/studiolululala"
"XMA7NXCiWjM","인천 최고 유스팀 상대로 사포쓰는 초등학생 네이마르?? 개인 기량이 다들 미쳤어요... l 신의 한수 : 신태용의 방과 후 트릭 EP.11 l 슛포러브 Shoot for love","2019-11-29T10:40:10.000Z","UCdTDdygpZKdDew2s1s419iw","Shoot for Love 슛포러브","17","19.30.11","슛포러브|shootforlove|신태용|김해운|김민구|신의한수|유소년|한국축구|한국축구유소년|대한민국축구|축구유소년|초등학생|초등학생축구|계양구","524638","3762","87","745","https://i.ytimg.com/vi/XMA7NXCiWjM/default.jpg","False","False","사포로 측면돌파하는 초등학생 네이마르의 등장...==슛포러브 더보기 :신의한수 : 신태용의 방과 후 트릭 재생목록 : https://www.youtube.com/watch?v=Cl-cN...       Instagram : http://instagram.com/shoot_for_love/Facebook : http://facebook.com/shoot4love"
"M-cS-Ugcano","[김광일의 입] 정치 工作 본거지, ‘조국 민정수석실’","2019-11-29T09:30:00.000Z","UCdp4_yTBhQmB8E339Lafzow","조선일보","25","19.30.11","조선일보|조선|언론|이슈|신문|방송|뉴스|정치|조국|문재인|민정수석|민정수석실|문화일보|백원우|박형철","129650","12866","1382","445","https://i.ytimg.com/vi/M-cS-Ugcano/default.jpg","False","False","박형철 비서관은 민정수석실 핵심은 물론, 문재인 대통령의 심기를 매우 불편하게 하는 증언을 하고 있다. 그렇다면 그가 어떻게 청와대 분위기를 견딜 수 있겠는가. 당연히 사의를 표명했으며, 출근을 하지 않았던 것으로 알려졌다. 박형철 비서관은 검사 출신으로 2013년 윤석열 검찰총장과 함께 국정원 댓글 수사팀에서 팀장·부팀장으로 함께 일했던 사이다. 그 뒤 두 사람은 동시에 좌천되기도 했다. 박형철 비서관은 윤석열 총장을 “석열이 형”이라고 부른다. 박형철 비서관은 사태의 흐름을 파악하고, 청와대라는 난파선에서 뛰어내려 ‘윤석열 사람’으로 돌아가려는 것으로 보인다.🔸 조선닷컴 공식 홈페이지 http://www.chosun.com🔸 조선일보 무료구독체험 : http://bit.ly/2WnNAF7🔸 조선비즈 공식 홈페이지 http://biz.chosun.com🔸 공식 페이스북 : https://www.facebook.com/chosun🔸 공식 트위터 : https://twitter.com/chosun◈ 사실에 대한 믿음, 할 말을 하는 용기. 조선일보◈#조선일보 #뉴스 #속보 #제보"
"j6vYSYRy4JU","나경원 당장 나와라 과거사피해자 조롱한 자한당에 폭발한 이재정ㆍ홍익표","2019-11-29T08:00:09.000Z","UC1ihKJ6GH37xoWdtllZqhLw","팩트TV NEWS","25","19.30.11","팩트티비|팩트TV|대안방송|FACTTV|커널뉴스|시사|정치|뉴스|더불어민주당|자유한국당|국회|정의당|나경원|이재정|홍익표|과거사법|본회의|패스트트랙","291930","10506","207","3007","https://i.ytimg.com/vi/j6vYSYRy4JU/default.jpg","False","False","2019년 11월 29일 국회본회의가 열리기 전 본회의장 앞에서  '진실·화해를 위한 과거사정리기본법 일부개정법률안(과거사법)' 촉구를 위한 피해자들의 피켓시위 중 자유한국당 의원들과 민주당 의원들의 충돌이 있었다.[영상 제보 받습니다] 진실언론 팩트TV가 독자 여러분의 소중한 제보를 받습니다. 뉴스 가치나 화제성이 있다고 판단되는 영상을 (facttvdesk@gmail.com)로 보내주시면  적극 반영하겠습니다.#팩트TV 정기후원회원이 되어주세요. ARS신청 1877-0411, 직접신청 https://goo.gl/1OjzfE공식후원계좌▶ 우리은행, 1002-142-508338 이상엽이 영상의 저작권은 팩트TV에 있습니다. 본 영상물은 공유 및 소스코드 배포에 한해 허용합니다. 그 외 임의적인 편집 및 가공은 영상출처를 밝힌다해도 본사의 허락없 이 사용할 경우 저작권법 위반에 해당합니다. 팩트TV http://facttv.kr촬영 : 배희옥, 김대왕, 이정환"
"hvIBVXAX1YI","[상상극장] 신은 도대체 날 왜 이렇게 만드신 걸까? 그 이유를 araboja｜빨간토마토","2019-11-30T00:41:49.000Z","UCqeOY0kedIjM9cfuBes4BSQ","Red Tomato","1","19.30.11","빨간토마토|애니메이션|만화|토마토|빨토|상상극장|선택극장","57794","1650","36","357","https://i.ytimg.com/vi/hvIBVXAX1YI/default.jpg","False","False","✅ 빨토강의▶ http://bit.ly/redtomato-class ✅   빨토책  ▶ http://bit.ly/2V31Lkt ✅ 빨토구독▶ https://bit.ly/2Mp1uE9 📌사연제보 ▶ briojae1@gmail.com 📌  인스타   ▶ https://bit.ly/2LzkADb 📌페이스북 ▶https://bit.ly/2lYVTJo[영상일정] 💎수 : 오후 4시💎금 : 오후 4시💎토 : 오전 10시 #빨간토마토 #상상극장 #선택극장"
"wCulsoUjhiA","그저 폐인을 키우는것뿐인데ㅋㅋㅋ왠지 뼛속이 아파지는 게임ㅋㅋㅋㅋ : 폐인키우기","2019-11-29T10:16:44.000Z","UCl4nBkmJCDs6RR8uWldAqLA","텔론","20","19.30.11","텔론|스낵무비|뉴메타|리그오브레전드|종합게임|예능게임|게임실황|공략영상|롤 공략|종합게임 공략|롤 유튜버|롤 방송인|종합게임 유튜버|롤토체스|텔론 폐인키우기|텔론 모바일게임|텔론 종합게임|텔론 폐인|텔론 키우기","129516","2148","80","270","https://i.ytimg.com/vi/wCulsoUjhiA/default.jpg","False","False","*앗...아....*방송 : https://www.twitch.tv/xordn123456*구독하기 : https://goo.gl/VxQ3WS}"
"2Ciz08LClT8","조명섭과 우승자 특별무대 메들리🎤🎤🎤","2019-11-28T22:00:01.000Z","UC3m0s5XAQydCtbLHc8j1Uog","KBS 한국방송","24","19.30.11","KBS|한국방송공사|mylovekbs|조명섭|전유진|이정은|박상현|메들리|트로트|트로트가좋아|꿈속의사랑|잘했군잘했어|당신이좋아|하춘화|현인|남인수|장윤정|도경완","182916","2536","92","286","https://i.ytimg.com/vi/2Ciz08LClT8/default.jpg","False","False","1. 꿈속의 사랑 (조명섭,전유진)2. 잘했군 잘했어 3:36 (조명섭, 전유진, 이정은)3. 당신이 좋아 5:07 (조명섭, 전유진, 이정은, 박상현)"
"BbIrp0i55kE","백원우, 별도 감찰팀…‘김기현 수사’ 연관성 추적 | 정치데스크","2019-11-29T09:14:23.000Z","UCfq4V1DAuaojnr2ryvWNysw","채널A 뉴스","25","19.30.11","감찰팀|김기현|백원우","85783","2871","453","339","https://i.ytimg.com/vi/BbIrp0i55kE/default.jpg","False","False","檢 백원우 특감반팀, 감찰 성격 업무도 수행했다 백원우 민정라인, 직제에 없는 감찰팀 가동 정황 백원우 특감반, 울산 가서 '김기현 사건' 직접 챙겨 ※자세한 내용은 정치 데스크에서 확인하실 수 있습니다.▷ 공식 홈페이지 http://www.ichannela.com▷ 공식 페이스북 https://www.facebook.com/channelanews▷ 공식 유튜브 https://www.youtube.com/tvchanews"
"uxmP4b2a0uY","EXO 엑소 'Obsession' MV","2019-11-27T09:00:07.000Z","UCEf_Bc-KVd7onSeifS3py9g","SMTOWN","10","19.30.11","EXO|X-EXO|OBSESSION|MV|SUHO|CHEN|CHANYEOL|BAEKHYUN|KAI|SEHUN|엑소|엑스엑소|옵세션|뮤비|뮤직비디오|수호|첸|찬열|백현|카이|세훈","21941938","2261027","58988","440179","https://i.ytimg.com/vi/uxmP4b2a0uY/default.jpg","False","False","EXO's the 6th album OBSESSION is out!Listen and download on your favorite platform: http://smarturl.it/EXO_OBSESSION[Tracklist]01 Obsession02 Trouble03 지킬 (Jekyll)04 춤 (Groove)05 Ya Ya Ya06 Baby You Are07 Non Stop08 오늘도 (Day After Day)09 나비효과 (Butterfly Effect)10 嗜 (Obsession)EXO Officialhttp://exo.smtown.comhttp://www.youtube.com/weareoneEXOhttp://www.facebook.com/weareoneEXOhttp://www.instagram.com/weareone.exohttp://twitter.com/weareoneEXO#EXO #엑소 #ObsessionEXO 엑소 'Obsession' MV ℗ SM Entertainment"
"zBqfVplaLQI","트럼프 자금책 北 조사 끝났다 [강명도]","2019-11-29T11:35:47.000Z","UCxuf3GXK290vcpFW0lxm0Uw","이봉규TV","24","19.30.11","이봉규|이봉규TV|강명도|트럼프","232350","15480","1121","347","https://i.ytimg.com/vi/zBqfVplaLQI/default.jpg","False","False","트럼프 자금책 北 조사 끝났다 [강명도]출연 : 강명도이봉규 TV 후원계좌신한은행 110-494-556972[페이스북]https://www.facebook.com/fridayhappy1[네이버 카페]http://cafe.naver.com/bongkyuleetv[네이버 블로그]https://blog.naver.com/2018bong'구독'과 '알림'을 통해 많은 관심 부탁드립니다.※ 본 영상의 모든 저작권은 ‘이봉규 TV’ 에 있습니다.　 무단으로 수정, 게시, 불펌을 금합니다."
"bGDuw8CLFDo","혼자가 되었습니다.","2019-11-29T09:00:08.000Z","UCom6YhUY62jM52nIMjf5_dw","오킹TV","24","19.30.11","트위치|오킹|유튜브|편집자|노조|파업","374904","6071","88","685","https://i.ytimg.com/vi/bGDuw8CLFDo/default.jpg","False","False","◆오킹 생방송! 트위치 채널 : https://www.twitch.tv/obm1025◆오킹 팬카페! 네이버 카페 : https://cafe.naver.com/okingrooftop◆오킹과 소통하기 트게더   : https://tgd.kr/obm1025◆오킹에게 후원하기            : https://twip.kr/obm1025◆영상 업로드는 매일 18시! 많은 관심 부탁 드릴께요!◆구독과 좋아요 부탁드립니다.BY.현준-----------------------------------------------------------------------------------------------------------------------------------------------------------영상 및 광고 문의  이메일 : bme1025@naver.comKevin MacLeod의 Circus Waltz - Silent Film Light은(는) Creative Commons Attribution 라이선스(https://creativecommons.org/licenses/by/4.0/)에 따라 라이선스가 부여됩니다.출처: http://incompetech.com/music/royalty-free/index.html?isrc=USUAN1100291아티스트: http://incompetech.com/Track : Hemio - 종이 접기 Music by HemioFollow Artist : https://www.youtube.com/user/FVGozak"
"MEt5givHC1o","가족을 죽인 갱단 보스를 사냥감 취급해 버리는 남자","2019-11-29T05:00:11.000Z","UClUFNgj9NonadDh6Mf4mFEg","필름캐스터Film Caster","1","19.30.11","추천 영화|복수 영화|스릴러 영화|저격 영화","179843","1181","57","132","https://i.ytimg.com/vi/MEt5givHC1o/default.jpg","False","False","#크리스찬베일 #우디해럴슨 #윌렘더포 #포레스트휘태커모든걸 잃은 남자의 복수극으로 액션보단 상황에 따른 감정선에더 포커스를 둔 영화입니다영상 재밌게 보셨으면 좋겠습니다"
"iBM3n4u_gww","오이 극혐자의 오이 극복 챌린지  HANA 김하나","2019-11-29T10:00:09.000Z","UCfTswP_uNy_h86pUjCU410A","HANA 김하나","23","19.30.11","김하나|오이|오이 싫어|오이 극혐|오이 먹방|극복|극복 챌린지|챌린지|김하나 오이|김하나 공대생|공대생 김하나|01커플","135260","4512","162","767","https://i.ytimg.com/vi/iBM3n4u_gww/default.jpg","False","False","오늘도 좋은 하루 !!----------------------------------------­­-----------김하나의 영상 무료로 감상하기: https://goo.gl/MCJxuS김하나의 인스타그램 구경하기: https://goo.gl/SQLiWq----------------------------------------­­-----------COPYRIGHT ⓒ 2019 HANA ALL RIGHTS RESERVED.----------------------------------------­­-----------"
"aFFX4T2UzX4","김경호 울린 60대 록커 안소정! 나이가 무색한 파워풀한 고음↗에 극찬 폭발 [보이스퀸 2회]","2019-11-29T02:04:05.000Z","UCYyLIlOJyqkAFKlVjzX5img","MBN Entertainment","24","19.30.11","일반인라이브|일반인오디션|오디션|노래|음악|KPOP|MBN|보이스퀸|안소정|김경호|파워풀한 고음|극찬","80892","731","43","176","https://i.ytimg.com/vi/aFFX4T2UzX4/default.jpg","False","False","김경호 울린 60대 록커 안소정! 나이가 무색한 파워풀한 고음↗에 극찬 폭발 [보이스퀸 2회]#MBN#보이스퀸#안소정☞ MBN Entertainment 구독하기 : https://www.youtube.com/channel/UCYyLIlOJyqkAFKlVjzX5img?sub_confirmation=1"
"7A5HGubGMLo","저 새이름이 뭔가요?","2019-11-29T08:00:01.000Z","UCd4FmcWIVdWAy0-Q8OJBloQ","사나고","26","19.30.11","사나고|3D펜|3Dpen|만들기|making|3d프린터|3Dprinting","466020","20849","109","3339","https://i.ytimg.com/vi/7A5HGubGMLo/default.jpg","False","False","● 3D펜 살땐! [사나고샵]https://smartstore.naver.com/sanago● 3D펜카페 [사나고의 3D펜 비밀기지]https://cafe.naver.com/sanago● 나고사진 보려면? 인스타그램https://www.instagram.com/sanago_kr/● 트위치 방송국 바로가기https://www.twitch.tv/sanago_kr● Contact 광고문의uggnll@naver.com#사나고 #3Dpen #3D펜"
"3nLowIUgksg","남자랑 있어?","2019-11-28T10:01:01.000Z","UCW_WhXrfK3uPgljcdjFbsbg","송대익","22","19.30.11","한국|korea|south korea|korean|대한민국|안산|ansan|송대익|남자|man|gentleman|친구|friend|우정|Friendship|유머|코믹|웃긴 영상|코미디|comedy|재미|funny|장난|joke|여자|여성|girl|lady|사람|인물|people|아프리카tv|비제이|bj|web|drama|웹|드라마|웹드라마|우결|진결|웹툰|여자친구|전여친|여친|썸녀|썸|커플|couple|달달|설렘|탈모|애나벨|annabell|오예스|대구|daegu|mukbang|이민영|민영|minyoung|치킨|chicken|의심|질투|서울|집|원룸|불시|서프라이즈|suprise|실례|누룽지|간장치킨|먹방|망구|댕구","967153","17041","543","930","https://i.ytimg.com/vi/3nLowIUgksg/default.jpg","False","False","#치킨 #치즈볼 #60계치킨 #먹방편집 : 제우, 태은무삭제 풀버전 - https://www.youtube.com/channel/UCn0X5CrDoVs9f7m9g3S1MpA대익 어린이에 대해 더 알고 싶다면아프리카tv 개인방송국 - http://bj.afreecatv.com/songdaeik페이스북 계정 - https://www.facebook.com/songdaeik페이스북 페이지 - https://www.facebook.com/songdaeik.page인스타그램 - https://www.instagram.com/songdaeik광고 및 협업 문의는 play1547@hanmail.net 으로 연락주시면 감사드리겠습니다.Music provided by 브금대통령Track : 갑자기 멍때리기 - https://youtu.be/TdQYTw-jhw8"
"meFNXlisaTk","결국 이 얘기가 나왔네요... 죄송합니다","2019-11-29T08:20:05.000Z","UC69uMhRJcUnvMnMxKT2SS0w","(MUTUBE)와꾸대장봉준","22","19.30.11","봉준|김봉준|와꾸대장봉준|무튜브|아프리카|mutube|Bongjun|감스트|킴성태|감튜브|겜스트|킴해적단|감킴봉|봉준 킴성태|봉준 감스트|감스트 킴성태|감킴봉 토크|감킴봉 질문|레전드 미션|감킴봉 레전드|감킴봉 오프닝토크|감킴봉 미션|아프리카 대통령|킴성태 감스트|봉준 킴성태 감스트|봉준 감스트 킴성태|무엔터|감컴퍼니|감봉|봉준 감스트 관제탑|감스트 유튜브|킴성태 유튜브|감스트 여친|감스트 릴카|킴성태 여친","281060","2261","128","441","https://i.ytimg.com/vi/meFNXlisaTk/default.jpg","False","False","#봉준 #감스트 #킴성태 #감킴봉 #오프닝토크 [클릭한번만..!  https://www.youtube.com/channel/UC69uMhRJcUnvMnMxKT2SS0w?sub_confirmation=1]★구독+좋아요+알람을 해주시면 추첨을 통해 문화상품권이!!★"
"PIoQxi_IXCk","지는 사람 원칩 챌린지! 세기말 로봇 배틀 - ganker ex 03 - 겜브링(GGAMBRING)","2019-11-29T07:00:02.000Z","UCSOeJWyByeoBHpmrm0NnlLw","겜브링 GGAM BRING","20","19.30.11","병맛게임|겜브링|ggambring|sandbox network|샌드박스|갬블링|겜브링tv|갱커|로봇|로보트|robot|ganker ex|원칩|챌린지|paqui|one chip challenge","115872","3114","79","287","https://i.ytimg.com/vi/PIoQxi_IXCk/default.jpg","False","False","#겜브링 #로봇배틀 #원칩챌린지지는 사람은 겁나 매운 과자 먹고 5분 참는 거~【무료채널구독】 ► https://www.youtube.com/channel/UCSOeJWyByeoBHpmrm0NnlLw?sub_confirmation=1【팬아트 및 팬레터 우후~!】 ► ggambring@sandboxnetwork.net【인스타그램】 ► https://www.instagram.com/ggambringtv【겜브링TV 시즌4】 ►애니박스 | 매주 월요일 오후 5시!애니원 | 9월 26일 부터~ 매주 목요일 저녁 6시!챔프 | 9월 23일 부터~ 매주 월-화 저녁 7시!【겜브링TV 방영】 ►애니박스 겜브링TV 시즌 1~3 방송중애니박스 겜브링TV 블록대탐험 방송중애니맥스 겜브링TV 시즌1~2 방송중애니맥스 겜브링TV 블록어드벤처 시즌1 방송중"
"ONgPMobW878","⭐️주말의 띵화사⭐️  첫 영화 '잠은행' 예고 공개! 이거 이말년씨리즈 맞나요...?","2019-11-28T05:49:47.000Z","UCiBr0bK06imaMbLc8sAEz0A","MBCentertainment","24","19.30.11","MBC|예능|무한도전|entertainment|comedy|TV|gag|김태호|일밤|돌고래유괴단|주말의영화|주호민|이말년|주펄|침착맨|주말의띵화사|주말의띵화|띵화|소혜|김소혜|양동근|박희순|잠은행|이말년씨리즈|딩고|딩프|신우석|고래먼지|기안84|기안","378199","6083","65","1217","https://i.ytimg.com/vi/ONgPMobW878/default.jpg","False","False","**12.4(수) 저녁 7시 유튜브 개봉****12.7(토) 밤 12시 45분 MBC 개봉** (전참시 끝나고 나서!)​MBC X 돌고래유괴단박희순, 양동근, 소혜 등 미친 캐스팅!!제작자만 미친 게 아니라 영화 퀄리티도 미쳤어요!#주말의영화#주말의띵화사#잠은행"
"73A5YyOvTBI","뷔페 먹는 유형ㅋㅋㅋ(feat.뷔페 맛있게 먹는 꿀팁)","2019-11-28T06:39:04.000Z","UCJundLkbjldzL60kFfKm1vQ","급식왕","23","19.30.11","#급식왕|#두더지|#발가락쌤|#징징이|#방울이|#학교|#웃긴영상|#공트|뷔페먹는유형|부페먹는유형|유형|꿀팁|급식걸즈|깝숙이|방울이|얌생이|징징이|발가락쌤|먹방|asmr","683482","7958","747","2052","https://i.ytimg.com/vi/73A5YyOvTBI/default.jpg","False","False","#뷔페 #먹방 #유형비즈니스 메일 E-MAIL(BUSINESS) : schoolfoodking@sandboxnetwork.net급식왕과 소통하실 분들은 인스타 https://www.instagram.com/schoolfoodking/틱톡 아이디 schoolfoodkinghttp://vt.tiktok.com/d69rtD/ 페이스북https://www.facebook.com/profile.php?id=100040932466628"
"CV4Pe15veP8","[모래시계 6회] 너를 믿었던 만큼...","2019-11-29T08:00:01.000Z","UCvRIeQeTZDHRcqVZRu0XBug","스트로 - SBS 복고채널","24","19.30.11","SBS|레트로|복고|최민수|김정현|박상원|홍경인|정성모|고현정|남성훈|이정재|모래시계|드라마|민주화운동|홍준표|검사|변호사|광주|국밥","52758","333","41","116","https://i.ytimg.com/vi/CV4Pe15veP8/default.jpg","False","False","여공들의 야당 당사 검거 시위 현장에 참여한 혜린. 그리고 그곳을 진압하기 위해 투입된 태수의 조직. 태수를 마주한 혜린은 그동안 쌓아온 우정만큼 실망과 배신감을 느낀다.  한편, 역사의 시간은 점차 80년 5월을 향해 가고... 태수는 조직을 떠나 어머니와 함께 국밥집을 차린 자신의 부하를 찾아 광주에 도착한다. 그리고 특전사로 차출된 우석은 출동명령을 받게 되는데... - 모래시계 6회 / 1995.01.17   출연 : 최민수, 김정현, 박상원, 홍경인, 정성모, 고현정, 남성훈, 이정재 외"
"wVF66rktySo","한국 비웃던 일본왕족이 최근 제대로 역관광 당한 이유, 이제는 일본이 한국없이 살아남기 힘들어진 듯","2019-11-29T09:00:12.000Z","UCVObSp4MlJwCsh6vtKz4PHQ","쓸모왕","25","19.30.11","일본|일본 불매운동|한국|맥주|수출|무역|다케다|왕족|유니클로|탑텐|일본 여행|일본여행","284012","7497","163","1274","https://i.ytimg.com/vi/wVF66rktySo/default.jpg","False","False","한국 국민들은 일본 제품없이 살 수 없다는 주장을 가볍게 눌러주었습니다.세상의 쓸모있는 지식을 전달해드리는 '쓸모왕'입니다.  영상이 도움이 되셨다면, '좋아요'와 '구독'을 부탁드립니다.  '알람'설정도 해놓으시면 제일빨리 쓸모왕 지식을 받아보실수 있습니다^^*연합뉴스 컨텐츠 관련 부분인용 및 전체인용에 대한 허가를 받았습니다.저작권자(C)연합뉴스, 쓸모왕#일본 #일본불매운동 #한국"
"gVQhe9jIPOg","[여의도튜브] 日 반도체 '통곡의 날' 위기 자초한 결정타 더 큰 파도 남았다","2019-11-28T12:00:08.000Z","UClErHbdZKUnD1NyIUeQWvuQ","MTN 머니투데이방송","25","19.30.11","일본|아베|파나소닉|대만|누보턴|네덜란드|삼성전자|삼성|ic인사이트|유노가미다카시|일본 반도체 패전|과잉품질|수율|미국|트럼프|히타치|도시바|D램|대형컴퓨터|PC용|인텔|마케터|폴데이비드|ASML|노광장비|쇠락","215516","3210","137","191","https://i.ytimg.com/vi/gVQhe9jIPOg/default.jpg","False","False","일본 파나소닉이 반도체 역사 67년의 막을 내리게 됐습니다. 니혼게이자이신문은 28일 파나소닉이 자회사인 파나소닉 세미컨덕터 솔루션즈를 대만의 누보턴에 매각한다고 보도했습니다. 아나운서: 정보경영상콘텐츠: 길인호기사콘텐츠: 강인형기획: 강인형 백승기총괄: 정미경 제작: MTN 머니투데이방송#반도체 #일본 #파나소닉--------------------------------------------------------------------▶️ 머니투데이방송 바로가기  (http://www.mtn.co.kr)▶️ MTN 주요 프로그램 재생목록  - MTN 투데이     ☞ MTN 홈페이지 다시보기 (https://goo.gl/9r5TWQ)    ☞ 유튜브 (https://goo.gl/ELhhR5)  - 이슈&뷰 11    ☞ MTN 홈페이지 다시보기 (https://goo.gl/Tn33sP)    ☞ 유튜브 (https://goo.gl/TjYnZH)   - 시장을 읽는 남자     ☞ MTN 홈페이지 다시보기 (https://bit.ly/2WiUIBC)    ☞ 유튜브 (https://bit.ly/2Y8y9jP)   - 이승조의 TMI    ☞ MTN 홈페이지 다시보기 (https://goo.gl/uMWuCg)    ☞ 유튜브 (http://bitly.kr/51HCz1)#머니투데이방송 #증권 #시황 #경제방송 #뉴스 #부동산 #MTN"
"0-mLRmzCil0","[김동길TV-118화] 단식하는 그대에게","2019-11-29T00:00:00.000Z","UCCCzHfAALDPQ0L11UTsKTWA","김동길TV","25","19.30.11","김동길|김동길TV|황교안|단식|당대표|청와대|국민|간디|건강|의식|대한민국|희망","101709","11731","1128","1216","https://i.ytimg.com/vi/0-mLRmzCil0/default.jpg","False","False","청와대 앞에서 단식농성을 하다 의식을 잃은 황교안 대표를 김동길 박사가 만났다. 대한민국을 사랑하는 마음으로 목숨을 걸고 투쟁을 하는 그에게 같은 마음을 전하며 '걱정하지 말라'는 말로 위로를 하고 돌아온 김동길 박사! 국민 모두 한마음이 되어 전진해야 할 때입니다!"
"WrD5p8esOhM","ENG) [몰카] 연봉 250억 축구선수 발목을 다치게한다면? Premier League Players Break Legs Prank","2019-11-28T09:00:05.000Z","UCKkxVSUMRvmvAXMNzjI03Ag","배꼽빌라","22","19.30.11","배꼽빌라|프리미어 선수|리버풀|몰카|몰래카메라|prank|korea prank|동네놈들","519812","4819","666","330","https://i.ytimg.com/vi/WrD5p8esOhM/default.jpg","False","False","#배꼽빌라 #몰카 #몰래카메라.안녕하세요 배꼽빌라입니다이번에도 싱싱한 몰카를 하나 바치겠습니다 ^^정말로 연봉 250억 선수를 다치게한다면 끔찍하네요 ㅠㅠ오늘도 재밌게 봐주시고 구독과 좋아요 댓글 알람설정 부탁드려요 ^^.축구못하는 알란의 인스타그램 https://www.instagram.com/allan.png/.유룡의 인스타그램https://www.instagram.com/dragon8925/이재훈의 인스타그램https://www.instagram.com/jaehoon_lee_jaehoon/김승진의 인스타그램https://www.instagram.com/seungjin.048/.인스타그램도 많이 방문해주세요 ^^"
"uebcd3HoNOs","[BANGTAN BOMB] Behind the scenes, recording Euphoria (DJ Swivel Forever Mix ver.) - BTS (방탄소년단)","2019-11-29T11:00:03.000Z","UCLkAepWjdylmXSltofFvsYQ","BANGTANTV","10","19.30.11","방탄소년단|BTS|BANGTAN|HIPHOP|알엠|RM|슈가|SUGA|제이홉|jhope|지민|JIMIN|뷔|정국|JUNGKOOK|진|JIN","2022949","454015","954","20973","https://i.ytimg.com/vi/uebcd3HoNOs/default.jpg","False","False","BTS Official Homepage http://bts.ibighit.comBTS Blog http://btsblog.ibighit.comBTS Facebook https://www.facebook.com/bangtan.official"
"zP6LpPwmhJg","11월29일(금) 김어준의 뉴스공장 LIVE / tbsTV & FM","2019-11-29T00:24:02.000Z","UC5HSw5OY2vfVFSihpiB-AVQ","tbs 시민의방송","25","19.30.11","tbs|김어준|뉴스공장|한-아세안특별정상회의|특별정상회의|메콩회의|일본|트럼프|입시|대입|대선|총선|정경심|패스트트랙|황교안|나경원|신남방정책|캐롤|자유한국당","400533","30761","371","725","https://i.ytimg.com/vi/zP6LpPwmhJg/default.jpg","False","False","11월29일(금) 김어준의 뉴스공장 LIVE / tbsTV & FM**공지**드디어 '더룸x골방라이브' 100회 특집^^ 공개방송을 합니다~참여 방법은? http://naver.me/5kK9zThd 클릭!!!◎ 1부[ 이 정도는 알아야 할 아침 뉴스 ]- 류밀희 기자 (tbs)[ 잠깐만 인터뷰 ] -전화연결일본 맥주의 한국 수출 ‘0’ 기록, 일본제품 불매 5개월 진행 상황!- 김성민 회장 (한국마트협회)◎ 2부[ 인터뷰 제1공장 ] -전화연결대입제도 공정성 강화 방안 발표, 핵심은?- 유은혜 장관 (교육부 & 사회부총리)[ 인터뷰 제2공장 ]“신문 1면 톱에 아세안 뉴스는 왜 없나, 아세안 대사가 말하는 진짜 신남방정책”- 임성남 대사 (주아세안대표부)◎ 3부[ 인터뷰 제3공장 ]“쓰러진 黃에 한국당 강경투쟁 모드 … 패스트트랙 저지 카드는”- 김영우 의원 (자유한국당)◎ 4부[ 인터뷰 제 4공장 ]금요음악회 [보이스밴드 엑시트] “Isn’t she lovely & 캐롤 메들리”- 김영준 (베이스)- 김진혁 (카운터테너)- 남의현 (보컬)- 오동원 (보컬)- 이슬기 (퍼커션)[ 까칠한 미식가 ]“냉면의 계절이 왔다”- 황교익 맛칼럼니스트----------------------------------------------▶tbs 페이스북 https://www.facebook.com/mylovetbs/▶tbs 홈페이지 https://www.tbs.seoul.kr/▶네이버TV (김어준의 뉴스공장) http://tv.naver.com/newsfactory ▶tbs 커뮤니티 http://bit.ly/2EaWnQp"
"sEpqzCpQ-9E","그냥 사귈래? 은우야? [띠미]","2019-11-28T07:16:42.000Z","UC46BbEkxhjIHUj6EJ_waw-g","띠미 ddimmi","24","19.30.11","띠미|Elal|띠미 남친|띠미 은우|안은우|틱톡커|옐언니 은우|틱톡|옐언니|띠미 은우 사귐","551197","10006","364","898","https://i.ytimg.com/vi/sEpqzCpQ-9E/default.jpg","False","False","[구독] [좋아요] [댓글]은 저에게 큰 힘이 됩니다 ^-^♥인스타그램:ddimmi96비즈니스 문의 이메일 : ddimmi96@gmail.com▶샌드박스가 정말 또 이사를 했어요.. ㅎㅡㅎ 새로 바뀐 주소 : 서울특별시 강남구 테헤란로 518 Wework빌딩 15층받는 사람 명 - 띠미 ※ 선물 개봉기는 따로 찍지않고 감사히 받겠습니다!     선물은 강요가 절대 아니에요!"
"8eoZ99o55ds","4부 실세 비서관 백원우 왜 몰락을 자초했나? (2019.11.29) [정치분석]","2019-11-29T04:25:55.000Z","UCR0VAgd0w8QI7WWQ0E8Srdw","황장수의 뉴스브리핑o","25","19.30.11","황장수|뉴스브리핑|백원우","89602","10822","132","224","https://i.ytimg.com/vi/8eoZ99o55ds/default.jpg","False","False","미래경영연구소 회원모집1.홈페이지 www.newsbriefing.co.kr 에서 직접 가입 2.성함,휴대폰번호,주소를 문자로 발송: 010-9558-78033.회원 계좌 : 우리은행 1005-702-928498 미래경영연구소4.해외 교포 : PayPal 계좌 pjbjp24@naver.com"
"HjCGQv1aPtg","[LIVE] 2019 라네르스 3쿠션 세계 선수권 (8강전)","2019-11-29T20:06:12.000Z","UCMkrtzkegsLZJ1s6H7S0eKw","MBC Sports+","17","19.30.11","[none]","66568","370","29","10","https://i.ytimg.com/vi/HjCGQv1aPtg/default.jpg","False","False","[LIVE] 2019 라네르스 3쿠션 세계선수권 (8강전)*매경기 종료 후 약 20분간의 정리 타임이 있습니다. 이후 경기 라이브는 이어서 진행되오니   참고 부탁드립니다. ▶엠스플뉴스 APP 다운안드로이드 : https://goo.gl/Rj73Acios : https://goo.gl/YwpqK2▶광고문의 : mbcsportsplusnews@mbcplus.com▶엠스플뉴스 : https://www.mbcsportsplus.com"
"nhFeVMf-1PQ","스타벅스 직원인 척하기 ㅋㅋㅋ","2019-11-28T10:45:43.000Z","UC9hS-dPCGXXD2XlxH5jo9FA","수상한녀석들","23","19.30.11","장난|몰래카메라|몰카|Prank","720309","11823","372","1301","https://i.ytimg.com/vi/nhFeVMf-1PQ/default.jpg","False","False",""
"R_0ohGvgfJE","드라이아이스를 개울에 넣었더니.. 대 반전ㄷㄷ","2019-11-28T10:48:47.000Z","UCg_lS-XS9Fh9I6Rl56Z8fpg","최고다윽박","23","19.30.11","최고다윽박|자연인|바다|낚시|요리먹방|시골|아프리카TV|국민바보|eugbak|mukbang|자연의왕|밀림|동물|생존|윽짓거리|윽|윽튜브|윽박이|fun|funny|웃긴|실시간|영상|재미|코믹|comedy|윽박|Primitive|Culture|bushcraft|자연","657569","8789","670","1218","https://i.ytimg.com/vi/R_0ohGvgfJE/default.jpg","False","False","#낚시 #생존 #실험안녕하세요 최고다윽박 입니다 !!!★자칭 자연의왕 이며 다방면 크리에이터로 활동 하고 있습니다업로드 시간: 매일 오후 8~10시 사이!!각종 SNS에 무단으로 영상 불펌은 하지 말아주시길 바랍니다.크리에이터의 창작물에 대한 저작권을 존중해주시길 간곡히 부탁드립니다.무단으로 불펌 시, 조치를 취하도록 하겠습니다. 감사합니다.광고,협찬, 문의 ipokid@naver.com인스타그램 ▼https://www.instagram.com/ipokid/"
"vcs4qB4-11w","[역대급x100]  '제2의 빙수야?' 아니요! 빙수야보다 더 너무하네요!!ㅋㅋㅋ 나름이 양푼왕 먹방 MUKBANG","2019-11-28T09:00:14.000Z","UCq9MDndXc1y3he3uPZLPskQ","[Nareum_TV] 나름TV","22","19.30.11","asmr food|food asmr|빙수야|튀김|빙수야 분식|양푼양|모둠튀김|떡볶이|치킨|빙수야 짝퉁|양푼왕|분식맛집|고추튀김|튀김먹방|떡볶이먹방|빙수야 털기|1000원분식|분식집","799741","12396","591","1075","https://i.ytimg.com/vi/vcs4qB4-11w/default.jpg","False","False","#부산먹방유튜버 #부산 #서울#나름이네 식당1호점 탕수육 전문점/ 용이네 탕슉/부산 부산진구 동천로85번길 18/051-623-29592호점 짬뽕 전문점/용이네 가마솥짬뽕 /부산 부산진구 서전로58번길 91/051-808-2959*문의 nareum@sandboxnetwork.netmelody30400@naver.com(개인메일이 아니기에, 개인메일은 삼가부탁드립니다)*편집문의 90sun93@gmail.com*인스타 - nareum_tv*BGM Music provided by 브금대통령Track : 갑자기 멍때리기 https://youtu.be/TdQYTw-jhw8Track : 조별과제Music by 브금대통령 Music provided by 브금대통령Watch : https://youtu.be/wLuWmPrJkSk음악제목 : Black ComedyMusic by 브금대통령Music provided by 브금대통령Track : 하나 둘 셋Music by 브금대통령 Music provided by 브금대통령Watch : https://youtu.be/wkNnqbtQ25YTrack : BrunchMusic by 브금대통령 Music provided by 브금대통령Watch : https://youtu.be/bO5FQBl77VUTrack : DoopbaMusic by 브금대통령Music provided by 브금대통령Watch : https://youtu.be/38kepvoHjoITrack : Sparkling JuiceMusic by 브금대통령 Music provided by 브금대통령Watch : https://youtu.be/_TZaXRZq32k*모든 폰트는 라이선스를 구입 후 사용중입니다.각국어 번역 자막 제작 : 컨텐츠 제작의 마무리는 컨텐츠플라이! 글로벌 진출을 위한 최고의 파트너,CONTENTSFLY에서 제작되었습니다.https://www.contentsfly.com      나름이의 초대링크- https://contentsfly.com/invite?p=MPIHz%2FoXSV67f0KxzaY3EA%3D%3D"
"HDyMsXWIaG0","돌아온 괴생명체 [총몇명 스토리]","2019-11-27T09:00:04.000Z","UCRuSxVu4iqTK5kCh90ntAgA","총몇명","1","19.30.11","총몇명|나천재|민모리|박진숙|민들레|ㅋㅋㅋ|재밌는 만화","2233961","55959","933","7012","https://i.ytimg.com/vi/HDyMsXWIaG0/default.jpg","False","False","총몇명 스튜디오 - 총몇명, 십제곱, 5G민, Jin벌써 11월이 끝나고 12월이 찾아오네요. 추위 조심하시구요!감사합니다. ♬ BGM silent-motion---suspenseful-underscore-by-rafael-krux.alien-invasion---dark-suspense-orchestra-by-rafael-kruxvisitors-in-the-night---dark-suspense-orchestra-by-rafael-kruxominous-forces---dark-dramatic-creepy-orhcestra—by-rafael-kruxdreams-of-war---suspense-ambient-underscore-by-rafael-kruxBy rafael krux  (https://filmmusic.io/artists/profile/24-rafael-krux/)Licence: CC BY (https://creativecommons.org/licenses/by/4.0/deed.ko)"
"jNlGm0G08gI","엠맥충 창현이 반해버린 모든노래 +5키 올려부르는 💖가수 반하나💖","2019-11-28T09:19:45.000Z","UCPJmHR4CG_lRuVwKCo0kjjg","창현거리노래방KPOP COVER STREET KARAOKE","10","19.30.11","KPOP|덕자|턱형|정배우|임다|철구|KARAOKE|노래방|워크맨|감스트|장성규|봉준|연플리|세야|신세경|하늘|급식왕|장삐쭈|와썹맨|송대익|wish107.5|제이플라|JFla|버블디아|라온|Raon|이수|김범수|나얼|볼빨간사춘기|아이유|선미|양팡|박효신|엠씨더맥스|멜론|더블비|보겸|보물섬|공대생|영국남자|일소라|혼코노|커버곡|음악|노래|버스킹|팝송커버|노래잘하는법|원밀리언댄스|BANGTANTV|복면가왕|총몇명|이슈텔러|마마|과로사|뜨뜨뜨|킴성태|수빙수|파뿌리|동네놈들|아는형님|미우새|우마|K-pop|Mnet|물어보살|리그오브레전드|LOL|BTS|아간세|문명특급|하비|송하예|이지금|혜리|있지|itzy|강민경|음치교정|송가인|미스트롯|cover|비긴어게인|이수현|불후의명곡|새송|박봄|여자아이들|요요미","380899","4966","199","1041","https://i.ytimg.com/vi/jNlGm0G08gI/default.jpg","False","False","창현이 이날 바른 비비크림은 https://bit.ly/354VoQ1창현 인스타그램 http://bit.ly/34bO4kn광고&섭외문의 bjummma@naver.com00:50 엠씨더맥스 바라보기05:23 하동균,이정 기다릴게10:19 엠씨더맥스 사계18:42 반하나 그대가 나를 본다면24:28 박혜원 시든꽃에 물을 주듯29:21 마크툽 오늘도 빛나는 너에게35:35 반하나 처음부터 만나지 않았더라면"
"yS6fEJeyNok","[#쌉니다천리마마트] 화면 뚫고 나오는 美모 연우가 거기서 왜 나와? 천리마 마트 센터요정 권지나 ♥ | Pegasus Market | #Diggle","2019-11-28T09:00:16.000Z","UC9w-h_ciMmX64TcLRcb1xPg","tvN DRAMA","24","19.30.11","쌉니다천리마마트|쌉리마|천리마마트|김규삼|김규삼 작가|Q3|천리마 웹툰|웹툰원작|tvN시트콤|이순재 시트콤|이순재 드라마|이순재|이동휘|정혜성|강홍석|김병철|정민성|박호산|김규리|김호영|모모랜드 연우|연우|모모랜드|momoland|Yeonwoo|MMOMOLAND Yeonwoo|빠야족|불금드라마|tvN 불금|천리마 캐스팅|천리마마트 캐스팅|천리마 인물관계도|웹툰원작드라마|시트콤|웃긴 시트콤|코믹연기|사이다 드라마|쌉니다 천리마마트 티저|천리마마트 티저|천리마마트 1화|천리마마트 1회|웹툰 원작 캐스팅|Pegasus market|kdrama|actor|lee dong hwi|kim byungchul|junhyesung|lee soon jae|Park ho san|tvndrama|koreandrama|천리마마트 빠야족|문석구|정복동|오인배|찌에|미주|천리마마트 연우|권지나|천리마마트 인턴","211787","1709","32","354","https://i.ytimg.com/vi/yS6fEJeyNok/default.jpg","False","False","#쌉니다천리마마트 #Diggle 화면 뚫고 나오는 美모 연우가 거기서 왜 나와? 천리마 마트 센터요정 권지나 ♥DM그룹의 공식 유배지, 재래 상권에도 밀리는 저품격 무사태평 천리마마트를 기사회생시키려는 엘리트 점장과 마트를 말아먹으려는 휴먼 불도저 사장의 사생결단 코믹 뺨타지 드라마매주 (금) 밤 11시 tvN 본방사수!네이버 tv : https://tv.naver.com/cjenm.pegasusmarket공홈 : http://program.tving.com/tvn/pegasusmarketLet's giggle, :Diggle!"
"e6Qa05lBdEI","부자는 알지만 가난한 사람은 모르는 것 (존리)","2019-11-28T08:00:07.000Z","UCaJdckl6MBdDPDf75Ec_bJA","신사임당","26","19.30.11","주식|재테크|부자|부자되는법|돈버는방법|부자되는방법|돈버는법|돈모으는방법|자수성가|경제|투자|자기계발|성공|동기부여|비즈니스|창업|신사임당|존리|메리츠자산운용|펀드","204817","6798","209","738","https://i.ytimg.com/vi/e6Qa05lBdEI/default.jpg","False","False","가난한 사람은 모르지만 부자들은 아는 것 (존리)#부자 #부자되는법 #돈버는방법 #재테크오늘 만난 사람존리메리츠자산운용 대표출연신청 / 제휴문의이메일: shxjcl1122@gmail.com인스타: https://hoy.kr/vqhaF"
"Nai4WSpHz9M","[TV조선 LIVE] 11월 29일 (금) 보도본부 핫라인 - 백원우, '3대 의혹' 모두 연루","2019-11-29T05:38:54.000Z","UCWlV3Lz_55UaX4JsMj-z__Q","뉴스TVCHOSUN","25","19.30.11","[none]","95903","4686","440","324","https://i.ytimg.com/vi/Nai4WSpHz9M/default.jpg","False","False","[TV조선 LIVE] 11월 29일 (금) '보도본부 핫라인'● 백원우, '3대 의혹' 모두 연루● 첩보 최초 생성자는 누구? ● 조국, '유재수 대비' 리허설까지● 유재수의 뒷배는 누구? ● 황운하, 김기현 수사 전 '극적 승진'📡 월~금 07:30 뉴스퍼레이드📡 월        08:40 네트워크 매거진📡 월~금 09:00 신통방통📡 월~금 13:00 보도본부 핫라인📡 월~금 14:30 사건파일 24📡 월~금 17:30 시사쇼 이것이 정치다📡 월~금 21:00 뉴스9📡 토~일 14:00 뉴스현장📡 토~일 19:00 뉴스7[Ch.19]  사실을 보고 진실을 말합니다.👍🏻 공식 홈페이지 http://news.tvchosun.com/👍🏻 공식  페이스북 https://www.facebook.com/tvchosunnews/👍🏻 공식 트위터 https://twitter.com/TVChosunNews* 뉴스제보 : 이메일(tvchosun@chosun.com), 카카오톡(tv조선제보), 전화(1661-0190)"
"vf-T0L4s56Q","웃었던 유재수, 나올 땐 구속…'조국 윗선' 겨누는 칼날 / SBS / 주영진의 뉴스브리핑","2019-11-28T08:02:30.000Z","UCkinYTS9IHqOEwR1Sze2JTw","SBS 뉴스","25","19.30.11","뉴스|NEWS|SBS|SBS NEWS|SBS 뉴스|SBS 8 NEWS|에스비에스|에스비에스뉴스|서울방송|SBS보도국|SEOUL BROADCASTING SYSTEM|KOREA NEWS|Korean News|대한민국 뉴스|생중계|실시간|Live|SBS 실시간|뉴미디어|저널리즘|생방송|유재수|조국 윗선|수사|의혹|구속|진술","97738","2178","543","407","https://i.ytimg.com/vi/vf-T0L4s56Q/default.jpg","False","False","● 유재수 구속…또 조국 하명 의혹김태현 / 변호사김기현 前 울산시장 수사, 당시 경찰이 무리한 수사한 듯유재수 '감찰중단'·前 울산시장 의혹 맞다면 정치적 파장 만만치 않을 것김영환 / SBS 논설위원박형철 '감찰 무마' 진술, 검찰에서의 진술과 달라…수사해보고 판단해야할 듯송철호 시장, 대통령과 가까운 인사…靑 당시 '하명 수사' 의혹도원문 기사 더보기 https://news.sbs.co.kr/y/?id=N1005542249[靑 하명수사·감찰중단 의혹] 기사 더보기 https://news.sbs.co.kr/y/i/?id=10000050672 #SBS뉴스 #SBSNEWS #SBS_NEWS #에스비에스뉴스 #靑_하명수사·감찰중단_의혹 #뉴스브리핑▶SBS 뉴스 채널 구독하기 : https://n.sbs.co.kr/youtube ▶SBS 뉴스 라이브 : https://n.sbs.co.kr/youtubeLive , https://n.sbs.co.kr/live ▶SBS 뉴스 제보하기홈페이지: https://n.sbs.co.kr/inform 애플리케이션: 'SBS뉴스' 앱 설치하고 제보 - https://n.sbs.co.kr/App 카카오톡: 'SBS뉴스'와 친구 맺고 채팅 - https://pf.kakao.com/_ewsdq/chat 페이스북: 'SBS뉴스' 메시지 전송 - https://www.facebook.com/sbs8news 이메일: sbs8news@sbs.co.kr 문자: #6000 전화: 02-2113-6000 홈페이지: https://news.sbs.co.kr/ 페이스북: https://www.facebook.com/sbs8news 트위터: https://www.twitter.com/sbs8news카카오톡: https://pf.kakao.com/_ewsdq인스타그램: https://www.instagram.com/sbsnews"
"47UCVbXXKhs","'새'들의 나라 새공화국","2019-11-28T21:30:02.000Z","UCksyDD1Gv6wmpyXJezZkVXw","팩맨TV","25","19.30.11","김명수|황운하|울산시장선거|조국","125430","21316","463","1325","https://i.ytimg.com/vi/47UCVbXXKhs/default.jpg","False","False","팩맨TV  해외 자율구독 Paypal: https://www.paypal.me/factman이메일: goofactman@gmail.com"
"9m1f6LCyYHQ","(꿀팁) 여친 생리 때 안 싸우고 점수 따는 법 [라이크LIKE] EP. 17 이상형과 만나지 못하는 이유 (ENG/JP)","2019-11-28T10:00:04.000Z","UCv0XxWH9xVxZ8pNyRkEQg8Q","딩고 스토리 / dingo story","24","19.30.11","웹드라마|딩고|웹드|라이크|김강민|서지혜|Like|김유안|연애|짝사랑|이별|짝남|썸|썸남|남사친|카톡|생리|페미|데이트폭력|연하남|페미니즘|dingo|webdrama|drama|like|kimkangmin|seojihye|kimyuan|dating|crush|breakingup|wholesome|boyfriend|girlfriend|kakaotalk|period|pms|feminism|dateviolence|feminist","223893","6620","96","591","https://i.ytimg.com/vi/9m1f6LCyYHQ/default.jpg","False","False","예민 보스인 생리 터진 날 안 싸우고 점수 따는 법이 있다?!?!내 몸이 내 몸 같지 않은 데 이렇게 챙겨주면 진짜 감동 그 자체ㅠㅠㅠ남친한테 공유해볼까... (아 맞다 나 남친 없지…)✨ 매주 월/ 목 저녁 7시! 구독 + 알림설정하고 본방사수 ㄱㄱ✨#웹드라마 #라이크 #생리딩고 스토리 채널 구독하기 👉https://goo.gl/rpiiQH좋아요, 댓글, 라이크 해주세요⭐️💙 Instagram : http://bit.ly/dingo_story_insta💙 Facebook : http://bit.ly/snackvideo_fb💙 Naver TV : http://bit.ly/dingo_story_ntv💙 V Live : http://bit.ly/dingo_story_v"
"H04t4ouIG0M","일본 산업계가 한국 뉴스에 큰 충격을 받은 이유 처음보는 현상 발생, 관련부서 대책 전무한 상황","2019-11-28T14:08:26.000Z","UCc4OuY3PeWklqBzQ3ySi3xA","Travel Tube","25","19.30.11","한국|일본|불매운동|한국뉴스|일본여행","548780","12957","273","920","https://i.ytimg.com/vi/H04t4ouIG0M/default.jpg","False","False","일본의 산업계에 기존과는 다른 현상이 생기고 있습니다. 한국의 불매운동이 장기화 되고 있습니다.제휴컨텐츠 뉴스 기사의 부분 및 전체 인용 사전승인 - 저작권자(C)  연합뉴스, Travel Tube - 무단전재 및 재배포, 컨텐츠 도용, 영상 컨텐츠 재가공화 금지- 트래블튜브 영상공유 가능"
"qxb37wIY8yw","[19/20 UCL 조별 5차] 발렌시아 vs 첼시 H/L","2019-11-27T21:42:52.000Z","UCtm_QoN2SIxwCE-59shX7Qg","SPOTV","17","19.30.11","SPOTV|스포티비|챔스|챔피언스리그|UCL|조별 5차|발렌시아|첼시|이강인|하이라이트","477550","2821","132","893","https://i.ytimg.com/vi/qxb37wIY8yw/default.jpg","False","False","발렌시아 vs 첼시 경기 하이라이트"
"eRFVolMIk6E","[법륜스님의 즉문즉설 제 1552회] 어머니가 화가 나면 심한 말을 하세요","2019-11-27T20:00:09.000Z","UCSsWdUwr4UonSCAVH-k0_Lg","법륜스님의 즉문즉설","29","19.30.11","불교|즉문즉설|법륜스님|정토회|buddha|buddhism|pomnyun|스님의주례사|엄마수업|깨달음|기도|수행|답답하면물어라|법륜|스님|새로운100년|Buddhahood|Gautama|Buddha|어머니|엄마|화|쓰레기|이해|가족|부부싸움|트라우마|치유|막말|욕|가족관계|딸|모녀|모녀관계","166413","2787","180","255","https://i.ytimg.com/vi/eRFVolMIk6E/default.jpg","False","False","제가 잘못된 행동을 해서 어머니가 화가 나 심한 말을 하세요그러면 제가 화가 나서  계속 제가 저한테 ‘차라리 죽어야 된다’ 이런 생각을 하게 되요"
"T5gObjH0f9E","단식 8일째 쓰러진 황교안 대표...향후 정국은? / YTN","2019-11-28T04:14:20.000Z","UChlgI3UHCOnwUGzWzbJ3H5w","YTN NEWS","25","19.30.11","YTN|뉴스|정치","129322","2138","658","1157","https://i.ytimg.com/vi/T5gObjH0f9E/default.jpg","False","False","더 나은 뉴스 콘텐츠 제공을 위한 일환으로 영상 미리보기 이미지(썸네일) 개선을 위한 설문을 진행합니다.여러분의 소중한 의견을 들려주세요. 감사합니다.※ 썸네일 설문 참여하기https://feedback.ytn.co.kr/?v=201911281210088919■ 진행 : 김정아 앵커 ■ 출연 : 이종훈 정치평론가, 김성완 시사평론가* 아래 텍스트는 실제 방송 내용과 차이가 있을 수 있으니 보다 정확한 내용은 방송으로 확인하시기 바랍니다.[앵커] 선거법 철회, 공수처법 포기 등을 내걸고 8일째 단식을 이어가던 황교안 자유한국당 대표. 결국 어젯밤에 의식을 잃고 병원으로 이송됐습니다. 다행히 지금은 의식은 회복해서 위험한 고비는 넘겼다고 전해졌는데요. 앞으로 한국당과 패스트트랙 지정 법안 처리를 앞둔 정치권이 어떤 대응을 할지 정국이 다시 중대 고비를 맞았습니다. 이종훈 정치평론가 그리고 김성완 시사평론가 두 분과 오늘 이야기 나눠보겠습니다. 어서 오십시오. 안녕하세요. 단식으로 의식을 잃고 쓰러진 황교안 대표. 천만다행으로 지금 의식을 찾고 회복 중인데요. 하지만 여전히 정치권 상황, 의식불명 상태입니다. 한국당에서는 내가 황교안이다라는 말로 지금 동조 단식도 이어지고 있는데요. 관련 영상 먼저 보고 오시겠습니다. 8일째 단식을 이어가던 황교안 대표. 어제 부인이 의식을 잃은 걸 발견해서 병원으로 옮겨져서 지금 회복이 되고 있는 상황인데요. 그동안 단식을 한 걸 보면 소금을 보통 단식할 때는 드시는데 소금도 안 먹고 물도 안 먹고 이렇게 극한의 단식을 이어가다 보니까 너무 건강 악화가 빨리 온 게 아닌가 이런 생각은 듭니다.[이종훈] 그렇죠. 그러니까 물도 안 마시고 소금도 섭취를 안 한다고 하면 사실은 8일 정도면 사망에도 이를 수 있을 정도. [앵커] 그러니까요. 날씨도 추웠고요.[이종훈] 그렇게 봐야 됩니다. 그런데 다행히 그런 불행한 사태는 없었고요. 그러니까 곧이곧대로 제대로 단식을 하신 것 같아요. 그러니까 당연히 건강에 이상이 오는 거고요. 의료진이 안 그래도 미리 진찰해 봤는데 조금 이상이 있다고 진단을 내렸던 거 아닙니까? 그런 상황에서 어젯밤에 의식불명 상태에 접어든 건데요. 어찌됐건 건강을 회복하셨다니 다행입니다. [앵커] 의식 찾고 바로 단식 계속한다, 이런 입장을 밝혔다고 했는데요. 조금 걱정은 되는 상황입니다.[김성완] 당에서 말려야죠. 사람이 가장 극한의 투쟁이라고 하는 게 몸으로 표현할 수 있는 가장 극한의 투쟁이 단식이지 않습니까. 그런데 거의 그 마지막까지 와서 사실은 의식을 잃은 상태에서 병원에 실려갔기 때문에 더 이상 단식을 진행하게 될 경우에는 황교안 대표의 건강에 아주 안 좋은 현상이 나타날 수도 있다. 그러니까 단식을 계속 이어간다고 하는 것은 너무 무모하다고 생각이 되고요. 사실 황교안 대표는 본인 스스로가 보여줄 수 있는 최대한의 어떤 결기를 저는 보여줬다고 생각해요. 그런데 그다음에 남아 있는 문제들. 결국 단식하는 도중에 또 얘기가 나왔지만 국민적 공감대가 얼마나 형성이 됐는가에 관한 부분과 그리고 황교안 대표 단식으로 인해서 국회에서 다른 정당들이 협상 테이블에 다 앉으려고 노력을 하고 있는가 이런 문제인데 국민적 공감대는 제가 볼 때는 그렇게 생각보다는 많이 이뤄지지 못했다. 하지만 정치권에서 바라볼 때는 자유한국당이 협상 테이블에 올 수 있는 분위기는 어느 정도 조성됐다 이렇게 볼 수 있거든요. 그러니까 지금 상황에서는 자유한국당이 또 다른 극한의 방법들을 자꾸 선택하기보다는 국회에 들어와서 적극적으로 협상을 하는 것이 오히려 더 많은 것들을 얻을 수 있는 방법이 될 수 있다고 생각합니다.[앵커] 그런데 한국당 입장은 더 강경해지는 것 같습니다. 지금 황교안 대표, 병원 갔고 지금 청와대 앞에서는 정미경,... (중략)▶ 기사 원문 : https://www.ytn.co.kr/_ln/0101_201911281210088919▶ 제보 안내 : http://goo.gl/gEvsAL, 모바일앱, social@ytn.co.kr, #2424▣ YTN 유튜브 채널 구독 : http://goo.gl/Ytb5SZⓒ YTN & YTN PLUS 무단 전재 및 재배포금지"
"-uRrVz_IZ-E","이 거, 역대 최악의 괴식.","2019-11-28T11:23:19.000Z","UC-5acDjU6XFWu-__G17V_YQ","와나나","24","19.30.11","irl|와나나|레바|박지|단투|레진|레진코믹스|바나나툰|정해완|해완|트위치|남자스트리머|트위치남캠|이유|가그|악녀|논산|천안|건양대|꽈뚜룹|워노구|마젠타|와나나 김은별|김은별|김은별 컴퍼니","169352","3125","51","625","https://i.ytimg.com/vi/-uRrVz_IZ-E/default.jpg","False","False","역겨워"
"2gEFPyAwAPU","베트남 VS 라오스 H/L [2019 동남아시안게임 축구 / 박항서]","2019-11-28T10:25:04.000Z","UCqsKWTIu7IhBjLFZS2s1ULQ","SBS Sports","17","19.30.11","[none]","132668","928","65","128","https://i.ytimg.com/vi/2gEFPyAwAPU/default.jpg","False","False","베트남 축구 60년만에 우숭 도전!2019 SEA게임 박항서 매직은 게속! SBS스포츠 생중계 ▶https://programs.sbs.co.kr/sports/seagamesfootball"
"qdcSjxTlVEo","유부녀 동생에게 여소를 받으면 생기는 일..","2019-11-28T12:32:59.000Z","UC3W3kEmrLrRfec2qNrE6w4A","남순Namsoon","22","19.30.11","아프리카|남순|afreecatv|afreeca|namsoon|bj|비제이|남캠|여캠|유튜버|요가|몸개그","223364","2555","135","442","https://i.ytimg.com/vi/qdcSjxTlVEo/default.jpg","False","False","★편집요청 문의 ☞ sullena@naver.com(제목or영상캡쳐/00:00~00:00 기재 필수)쇼핑몰 엔에스샵👍🏻 www.nsshop.org아프리카 생방송👍🏻 afreecatv.com/wnnw인스타/페이스북👍🏻 남순(박현우)아프리카/유튜브 광고문의👍🏻 vm222@naver.com#햅번 #샛별 #나봉 #소개팅 #전태규동생"
"G5VDhu7k4MA","야 이 새끼 똥 쌌어!!! - [동네놈들]","2019-11-28T10:30:00.000Z","UCIuFnJrRwHEUcIVtozJnUGA","동네놈들","23","19.30.11","관찰|관찰카메라|실험|실험카메라|prank|prankcam|prankcamera|prankgag|prankgags|gag|gags|fun|funny|funvideo|fungag|장난|동네놈들|폭소파겐|인기동영상|인기급상승동영상|웃긴영상|웃긴유튜버|재밌는영상|재밌는유튜버|똥|만취|음주|레전드|역대급|리액션","480363","8096","247","1123","https://i.ytimg.com/vi/G5VDhu7k4MA/default.jpg","False","False","장소 협찬 : [청담포차] 서울 강남구 압구정로79길 51-4🔥 구독 & 좋아요 & 알림설정 Click?!?! oh yeah!!!! 🔥💥동네놈들 페이스북💥 https://www.facebook.com/videodnnd🤡 개그맨 안진호 🤡 https://www.instagram.com/_zin_ho_🤡 개그맨 최부기🤡 https://www.instagram.com/choi_boogie🤡 개그맨 정재형 🤡https://www.instagram.com/star.jjj#몰카 #몰래카메라 #똥 #동네놈들 #小区小家伙 #PRANK #폭소바겐"
"vV2CsdcNkbU","법안 통과 호소하는 시민 손 뿌리치는 권은희","2019-11-28T07:52:35.000Z","UCLiK08tsWKL5bNoz1f8sHsw","MediaVOP","25","19.30.11","권은희|행안위|법안소위","212485","4077","101","2002","https://i.ytimg.com/vi/vV2CsdcNkbU/default.jpg","False","False","20대 국회 마지막 본회의를 앞두고 열린 행안위 법안소위. 어린이안전법과 6월항쟁 기념특별법 통과를 요구하는 가족들이 회의장 앞을 찾아 의원들에게 통과를 호소했다. 꼭 부탁드린다는 인사를 전하는. 권은희 의원은 이들의 호소를 뿌리치며 입장했다민중의소리 Youtube 채널※현PD : https://goo.gl/i2b8Bq※vstar : https://goo.gl/tk8PC7※클래식데이트 :https://goo.gl/EYmGtH"
"-qWmTwqUpZI","소영이 몰래 숨길 수 밖에 없었던..깜짝...고백..?!  (In New York) [소근커플 S.K.Couple]","2019-11-28T11:22:38.000Z","UCoUDrzyCl1IwU602xdTsM-g","소근커플 S.K.Couple","24","19.30.11","소근커플|소근|커플|이소영|김근명|소영|근명|데이트|소근커플데이트|ㅋㅋ|ㅋㅋㅋ|웃긴|웃기는|재미|재미있는|재밌는|사랑|남자친구|여자친구|남친|여친|love|date|skcouple|음악|music|재미도없드라|재미도없더라|맛도없드라|맛도없더라|new york|뉴욕|먹방|스테이크|steak|뉴욕 맛집|asus|zen book|젠북|에이수스|아수스|노트북","321005","7225","105","610","https://i.ytimg.com/vi/-qWmTwqUpZI/default.jpg","False","False","#소근커플 #SKCouple소영이 모르게 준비한 #깜짝고백 (?!) !! 과연 성공적이었을까요?!?!깜짝으로 준비한 영상편지는 #ASUS #젠북프로듀오 로 작업했어요!#젠북 #젠북스크린패드영상 속 제품은 15인치 모델이고 14인치 모델도 출시한다고 합니다!👇🏻더 알아보기! (프로모션 링크)👇🏻http://rpp.gmarket.co.kr/?exhib=34484좋아요 / 구독버튼 꾸우욱 눌러주세요 🙊👍🏻❤️소근커플 채널 구독하기 S.K.Couple❤️[소근커플 데이트! 매주 일요일 업로드! 구독하고 알림받아보세요!🙈]  👉🏻 https://www.youtube.com/c/SKCouple👧🏻이소영 So Young's  instagram 👉🏻 pianolsy👦🏻김근명 Keun Myung's  instagram 👉🏻guikkm👧🏻❤️👦🏻소근커플  S.K.Couple's Instagram 👉🏻 sokuencouple"
"KxMHjSoVvwQ","오동통통 너구리 라면과 맛있는 김치~ (Neoguri ramyun & Kimchi)요리&먹방!! - Mukbang eating show","2019-11-28T09:00:05.000Z","UC5XuQ-xiWAB6f-qu6gJMDBQ","흥삼","22","19.30.11","흥삼|Rooftop|먹방|Mukbang|옥탑방|Cook|eatingshow|eating show|요리|쿡방|먹방 레전드|흥삼 먹방|mukbang korea|mukbang korean|mukbang korean food|mukbang reaction|吃播|食べ放題|Korea food|K food|가마솥 요리|솥뚜껑 요리|시골먹방|시골 먹방|가족먹방|가족 먹방|ASMR|asmr|ASMR eating show|너구리|너구리라면|rta ramen|kimchi|김치|라면 먹방|instant noodles|ramen|ramyun|neoguri ramyun","277568","6582","463","860","https://i.ytimg.com/vi/KxMHjSoVvwQ/default.jpg","False","False","1:06 먹방 시작~오동통통 너구리라면 5봉과 맛있는 김치 먹방~#너구리 #너구리라면좋아요&구독하기 한 번씩 눌러주세요!!흥삼이에게 큰 힘이됩니다!!Your [Subscribe&like] would mean a lot to the creator!!각종 문의이메일 문의 주소 : gmdtka78@naver.com아프리카쪽지 아이디 : neo7824YouTube 구독하기 링크!!   ☞  https://goo.gl/cTsmVx아프리카 방송국 바로가기 ☞  http://www.afreecatv.com/neo7824"
"KXto_uwhUUc","슈퍼맨이 돌아왔다 306회 티저 - 건나블리네","2019-11-28T09:46:53.000Z","UCK1sVuXaDvJeNwl9noN5nOA","KBS Entertain","24","19.30.11","South|Korea|Entertainment|Funny|KBS|KBS1|KBS2|슈퍼맨|아빠|육아도전|육아|리얼리티|관찰예능|공동육아|육아대디|육아24시|육아꿀팁|박주호|나은|건후","369482","6278","80","292","https://i.ytimg.com/vi/KXto_uwhUUc/default.jpg","False","False","슈퍼맨이 돌아왔다 306회 티저 - 건나블리네"
"9TQcsbs3Qfs","[히히히스토리] 북미회담 미뤄달라는 나경원, 선거법 위반?","2019-11-28T08:21:22.000Z","UCljnbFCt-4doBr7wtEIIbbw","김용민TV","25","19.30.11","김용민|김용민브리핑|데마시안|김엄마|나는꼼수다|관훈라이트|피하지방법원|히히히스토리|정치부심|카이로스|평화나무|북미회담|미뤄|나경원|선거법|김준혁|오윤혜","78148","6275","63","265","https://i.ytimg.com/vi/9TQcsbs3Qfs/default.jpg","False","False","[히히히스토리] 북미회담 미뤄달라는 나경원, 선거법 위반?김용민TV 11월 LIVE 편성표월요일 21시 : 관훈라이트클럽 (with 민동기, 정상근)화요일 21시 : 피하지방법원 (with 김남국, 소제인)수요일 21시 : 히히히스토리 (with 김준혁, 오윤혜)목요일 21시 : 정치부심 (with 황현희, 박원석, 김성회, 최민희)금요일 20시 : 박시영의 눈 홍대 벙커1교회 공개방송 (업로드 토요일)광고문의master@demasian.com1544-1871"
"DSJX9B2LFgs","2019년 11월 28일 (목) 뉴스룸 다시보기 - 서울 16개대 '정시 선발' 40% 이상으로 / 프랑스 문화예술공로훈장…나윤선 출연","2019-11-28T13:13:38.000Z","UCsU-I-vHLiaMfV_ceaYz5rQ","JTBC News","25","19.30.11","JTBC|JTBC NEWS|뉴스|뉴스룸|손석희|newsroom|sohnsukhee|실시간|생중계|뉴스 생중계|8시 뉴스|LIVE|NEWS LIVE|LIVE NEWS|KOREAN NEWS|KOREA NEWS|제이티비씨|제이티비씨 뉴스|제이티비시 뉴스|제이티비시|뉴스 실시간 생중계|뉴스 라이브|라이브 뉴스|생중계 뉴스|뉴스룸 재방송|나윤선|나윤선 jtbc|재즈여신|프랑스문화훈장|나윤선 문화초대석|나경원|나경원 발언논란|총선전 북미회담|안상수|정시확대|첩보논란|북한 미사일|일본 맥주|맥주 수출액|아파트 거래조사|탈세|강제수용소","127865","1326","599","144","https://i.ytimg.com/vi/DSJX9B2LFgs/default.jpg","False","False","1. 서울 16개대 '정시 선발' 40% 이상으로 1:58교육부가 대입제도 개편 방안을 내놨습니다. 2023학년도까지 서울 소재 16개 대학의 정시 선발 비중을 40% 이상으로 늘리는 내용입니다.2. '첩보 전달' 지목…백원우 통상적 이첩 6:57김기현 전 울산시장에 대한 첩보 문건을 전달한 인물로 백원우 민주연구원 부원장이 지목됐습니다. 백 부원장은 통상적인 반부패 사안으로 분류해서 수사 기관에 이첩한 거라고 주장했습니다.3. 북, 동해에 2발…지소미아 유예 뒤 처음 20:26북한이 오늘(28일) 오후 동해상으로 발사체 두 발을 쐈습니다. 우리 정부가 지소미아 종료를 유예하겠다고 발표한 뒤론 처음입니다.4. 한국당, 커지는 '북·미 정상회담' 논란 21:50나경원 자유한국당 원내대표가 미국 측에 총선 기간에 북-미 정상회담을 하지 말아 달라고 한 게 논란입니다. JTBC 취재 결과 같은 당 의원이 해리스 주한 미 대사에게도 같은 취지의 말을 한 걸로 확인됐습니다.5. 일본, 지난달 한국에 맥주 수출액 '0원' 36:11일본이 지난 달 한국에 판 맥주 수출액이 0원으로 집계됐습니다. 1999년 이후 20년 만에 처음 있는 일 입니다. 6. 서울 아파트 거래 조사…탈세혐의 532건 29:43서울 지역의 아파트 거래를 전수 조사하고 있는 정부 합동 조사팀이 1차 결과를 내놨습니다. 탈세 혐의가 있는 5백서른두 건을 국세청에 넘겼습니다.7. 소년들 강제수용소…선감학원의 '역사' 55:48'양잠실 내부, 학원 수용생들이 누에를 기르는 곳이다.' 표지판이 절반만 남은 채 부러져 있습니다. 이곳은 1942년부터 40년 동안 소년들을 수용해 강제노동을 시키던 선감학원이 있던 곳인데요. 피해생존자들은 이 곳이 아픈 역사를 기억하는 곳으로 남기를 바라고 있습니다. 잠시 후 밀착카메라에서 전해드립니다.8. 프랑스 문화예술공로훈장…나윤선 출연 1:12:08재즈 보컬리스트 나윤선 씨를 문화초대석에서 만나보겠습니다. 한국 가수로는 처음으로 프랑스 문화예술공로훈장을 받았습니다.9. [소셜라이브 LIVE] 프랑스 마음 훔친 목소리, 재즈보컬 나윤선 1:28:23▶ 뉴스룸 다시보기 (https://bit.ly/2nxI8jQ)#나윤선_문화초대석 #특집_소셜라이브 #뉴스룸은_한걸음_더 #손석희 #안나경☞JTBC유튜브 구독하기 (https://bit.ly/2hYgWZg)☞JTBC유튜브 커뮤니티 (https://bit.ly/2LZIwke)#JTBC뉴스 공식 페이지 (홈페이지) http://news.jtbc.co.kr(APP) https://bit.ly/1r04W2D페이스북 https://www.facebook.com/jtbcnews트위터 https://twitter.com/JTBC_news인스타그램 https://www.instagram.com/jtbcnews☏ 제보하기 https://bit.ly/1krluzF 방송사 : JTBC (http://www.jtbc.co.kr)"
"WZERU7tawlE","트로트 신의 환생, 천상의 목소리 조명섭 2","2019-11-27T01:51:20.000Z","UCx6dbeWpA8t1n2hnNsxHNtA","튜브 54","10","19.30.11","조명섭|트로트|인도의향불|세월이가면|트로트가좋아|트로트가 좋아|인도의 향불|세월이 가면","318947","8534","193","906","https://i.ytimg.com/vi/WZERU7tawlE/default.jpg","False","False","#조명섭 #트로트 #인도의향불 #세월이가면 #트로트가좋아KBS '트로트가 좋아' 최종 우승자 조명섭 님!우리의 심금을 울리는 독특한 음색을 가진 21살 젊은 가수의 트로트를 들려드립니다. 라디오 스튜디오에서 인터뷰를 마친 뒤 녹음한 노래를 단독으로 공개합니다.특히 이번에는 무반주로 노래한 곡이 선보입니다.많은 사랑 부탁드립니다.* 오는 11/29일(금요일)에는 2곡을 3차로 공개할 예정입니다.* 또한 30분 분량의 인터뷰도 공개합니다."
"YE0tviFTDEU","겨울 준비하는 친구 겨울준비참하게만들어주기ㅋㅋㅋㅋㅋㅋㅋㅋㅋㅋㅋㅋㅋㅋㅋㅋㅋ","2019-11-27T08:00:14.000Z","UCfTJQQjCFU7GU0ll8TJ50tg","삼프로","22","19.30.11","#삼프로|#유튜브|#더블비|#참교육|#몰카","180454","2235","256","166","https://i.ytimg.com/vi/YE0tviFTDEU/default.jpg","False","False","★Instagram★황현홍https://instagram.com/hyeo_nong?igshi...신승호https://instagram.com/3p.r.o?igshid=n...김은수https://www.instagram.com/kes_1245/?h...★광고&협업 문의★tkavmfh12@daum.net05:31 ~ 05:39 노래 출처📢BGM✔️Track - TONG APOLLO - Lift Off✔️Soundcloud - https://soundcloud.com/tong-apollo✔️나눔뮤직 - https://tv.naver.com/v/10038992#youtube #facebook #English"
